name,SMILES,,,B3LYP/aug-cc-pVTZ/SMD,,B3LYP/aug-cc-pVTZ/B3LYP/aug-cc-pVTZ/SMD,,B3LYP/aug-cc-pVTZ/B3LYP/6-31G(d)/SMD,,RFE-ANI1ccx,,,
,tautomer1,tautomer2,exp,weighted,min,weighted,min,weighted,min,dG(theta)_{vac},ddG(theta)_{vac},dG(theta*)_{vac},training/validation/test set
SAMPLmol2,OC1=CC=C2C=CC=CC2=N1,O=C1NC2=C(C=CC=C2)C=C1,6.1,7.67,7.73,8.04,8.16,6.82,6.96,2.668265014,0.1850680218,5.15885977,training
SAMPLmol4,OC1=CC2=C(C=CC=C2)C=N1,O=C1NC=C2C=CC=CC2=C1,2.3,1.49,1.62,1.92,2.12,0.43,0.64,-2.420199286,0.1794475861,1.794398714,validating
tp_1000,Oc1nccnc1,O=C1NC=CN=C1,2.59,3.56,3.72,3.91,4.13,2.91,3.16,-3.902973277,0.1868295566,-0.1302156923,training
tp_1001,Oc1nc2ccccc2nc1,O=C1Nc(cccc2)c2N=C1,3.68,6.3,6.37,6.66,6.79,5.63,5.79,1.969760066,0.1751119056,3.064893887,training
tp_1002,CN(c1c(C(N2C)=O)ncc(O)n1)C2=O,CN(C(C(N=CC(N1)=O)=C1N1C)=O)C1=O,1.02,-1.24,-1.44,-1.64,-1.8,-0.35,-0.58,1.713773334,0.1697091332,0.7740589542,training
tp_1003,Oc1nnccc1,O=C1NN=CC=C1,6.96,8.21,8.29,8.46,8.59,7.47,7.64,5.198264184,0.1898620607,5.018664137,validating
tp_1005,Oc1nncc2ccccc12,O=C1NN=Cc2c1cccc2,9.28,11.73,11.75,12.08,12.1,11.4,11.43,9.853275179,0.1879985372,8.379972008,training
tp_1006,Oc1cc2ccccc2nn1,O=C1NN=C(C=CC=C2)C2=C1,4.23,4.07,4.17,4.44,4.59,3.17,3.35,4.572992333,0.1766253304,2.656133369,validating
tp_1010,Oc1nc(NC(NC2=O)=O)c2nc1,O=C1NC(NC(NC2=O)=O)=C2N=C1,1.02,-0.59,-0.73,-0.99,-1.12,0.06,-0.1,3.996342528,0.1805047891,0.6000569741,validating
tp_1034,OC(C=CN1)=NC1=O,O=C(C=CN1)NC1=O,6.28,8.59,8.62,9.1,9.22,8.48,8.7,11.51933077,0.1850837815,8.425647335,validating
tp_1035,OC(N1)=NC=CC1=O,O=C(C=CN1)NC1=O,7.91,12.6,12.61,12.79,12.83,12.16,12.23,10.26836646,0.1783573166,9.7062684,training
tp_1036,OC(N1)=Nc(cccc2)c2C1=O,O=C(c(cccc1)c1N1)NC1=O,9.28,12.71,12.72,12.99,13.02,12.15,12.22,10.34459649,0.1814060378,8.35830205,training
tp_104,CC(C)=O,CC(O)=C,11.77,14.34,14.59,14.1,14.37,12.74,13.12,12.49928816,0.1961184393,10.65899135,training
tp_105,CC(C)C(C)=O,CC(C)C(O)=C,11.75,13.71,13.87,13.89,14.03,12.62,12.82,13.05791582,0.2033211981,11.00424131,testing
tp_1056,CC(C1)=NNC1=O,Cc1n[nH]c(O)c1,0,6.56,6.7,6.71,6.85,4.98,5.21,2.109784031,0.1871136698,1.969084864,validating
tp_1057,CC(C1)=NNC1=O,CC(NN1)=CC1=O,2.87,-0.82,-1.22,-1.14,-1.38,-1.22,-1.44,-5.322616061,0.1896965246,1.374749743,training
tp_1058,Cc1n[nH]c(O)c1,CC(NN1)=CC1=O,2.87,5.3,4.95,5.31,5.07,3.5,3.37,-3.402802164,0.164196465,3.09916295,validating
tp_1059,Cc1cc(O)n[nH]1,CC(NN1)=CC1=O,1.23,1.68,1.77,1.22,1.38,-0.57,-0.38,-6.582637027,0.1688865175,-0.2106841182,training
tp_106,CC(C)(C)C(C)=O,CC(C)(C)C(O)=C,11.95,13.74,13.75,14.19,14.21,12.99,12.98,12.95304143,0.1993018092,10.07040768,validating
tp_1060,Cc1n[nH]c(O)c1,Cc1cc(O)n[nH]1,1.64,3.12,3.12,3.42,3.41,3.36,3.35,3.0715437,0.1749048939,2.781824523,training
tp_1064,Cc1nn(C)c(O)c1,CC(NN1C)=CC1=O,2.32,6.01,5.7,5.73,4.95,4,3,-2.543756604,0.1665031452,3.596711223,training
tp_107,O=C1CCCCC1,OC1=CCCCC1,9.13,10.86,11.48,10.81,11.54,9.5,10.33,9.226828095,0.1960652054,7.019413327,testing
tp_1072,Cc1c(C)onc1O,CC1=C(C)ONC1=O,0.27,-1.67,-1.88,-1.86,-2.02,-0.97,-1.17,3.042966608,0.1648853546,0.9942087363,validating
tp_108,O=C(CCC1)c2c1cccc2,OC1=CCCc2c1cccc2,9.97,12.03,12.29,11.84,11.97,10.64,10.76,9.830920381,0.1963342803,8.806604833,training
tp_1081,CN(C=CC(N1)=N)C1=O,CN(C=CC(N)=N1)C1=O,5.59,9.4,9.4,9.38,9.38,9.33,9.32,3.191142557,0.1842799543,4.613972281,testing
tp_1082,CN(C=C/C(/N1)=N\N)C1=O,CN(C=CC(NN)=N1)C1=O,2.05,5.82,5.94,5.55,4.81,5.52,4.55,-4.31764394,0.181674361,0.5996008615,training
tp_1083,CN(C=C/C(/N1)=N\O)C1=O,CN(C=CC(NO)=N1)C1=O,1.5,-0.03,0.54,0.27,0.82,0.31,0.39,8.569414733,0.1828261016,4.335700544,testing
tp_1088,Oc1nsc(-c2ccccc2)c1,O=C1NSC(c2ccccc2)=C1,0.68,2.03,2.18,2.37,2.52,0.99,1.2,nan,nan,nan,nan
tp_109,O=C1CCCC1,OC1=CCCC1,11.24,13.67,14.04,13.9,14.28,12.53,12.99,10.46527445,0.1966315286,9.197749741,training
tp_110,CC(c(cc1)ccc1OC)=O,COc(cc1)ccc1C(O)=C,12.01,15.01,15.43,15.02,15.46,13.83,14.25,nan,nan,nan,nan
tp_1102,OC(c1c2cccc1)=NNC2=O,O=C(c1c2cccc1)NNC2=O,1.36,1.61,1.66,2.13,2.23,1.26,1.39,-5.303249384,0.1760051137,0.2341863008,training
tp_1106,O=C(NC1=O)NN1c1ccccc1,OC(NC1=O)=NN1c1ccccc1,2.32,6.8,6.88,7.22,6.9,6.13,5.95,3.769471008,0.1722085833,5.210631121,training
tp_1109,Sc1ncccc1,S=C1NC=CC=C1,6.28,4.72,5.08,4.83,5.12,4.95,5.53,nan,nan,nan,nan
tp_1110,Sc1cccc(Cl)n1,S=C1NC(Cl)=CC=C1,1.04,-1.34,-1.03,-1.11,-0.88,-1.29,-0.75,nan,nan,nan,nan
tp_1114,Sc1nc2ccccc2cc1,S=C1Nc(cccc2)c2C=C1,6.96,7.42,7.42,7.59,7.59,7.63,7.64,nan,nan,nan,nan
tp_1115,Sc1nccc2ccccc12,S=C1NC=Cc2c1cccc2,7.78,7.82,7.82,8.2,8.19,8.44,8.42,nan,nan,nan,nan
tp_1116,Sc1cc2ccccc2cn1,S=C1NC=C(C=CC=C2)C2=C1,3.96,2.09,2.09,2.43,2.43,2.44,2.43,nan,nan,nan,nan
tp_1117,Sc1nccnc1,S=C1NC=CN=C1,1.5,2.69,3.03,2.84,2.97,3.01,3.47,nan,nan,nan,nan
tp_1118,Sc1nc2ccccc2nc1,S=C1Nc(cccc2)c2N=C1,1.91,5.45,5.73,5.59,5.75,5.61,6.17,nan,nan,nan,nan
tp_1119,Sc1nnccc1,S=C1NN=CC=C1,7.09,7.38,7.38,7.43,7.43,7.61,7.61,nan,nan,nan,nan
tp_112,O=C(Cc1ccccc1)c1cccs1,O/C(/c1cccs1)=C\c1ccccc1,8.8,9.52,10.28,9.83,10.7,8.83,10.38,nan,nan,nan,nan
tp_1120,Sc1nncc2ccccc12,S=C1NN=Cc2c1cccc2,9.28,10.74,10.74,10.67,10.67,10.95,10.95,nan,nan,nan,nan
tp_1123,Cc(n1C)c(C)nc1S,CC(N1)=C(C)N(C)C1=S,10.91,12.26,12.48,12.16,12.5,12.68,13.05,nan,nan,nan,nan
tp_1124,Cc1c(C)oc(S)n1,CC(N1)=C(C)OC1=S,8.6,10.07,10.37,10.55,10.95,10.8,11.26,nan,nan,nan,nan
tp_1125,Cc1c(C)sc(S)n1,CC(N1)=C(C)SC1=S,8.19,9.95,10.32,10.38,10.64,10.44,10.76,nan,nan,nan,nan
tp_113,O=C(Cc1ccccc1)c1ccco1,O/C(/c1ccco1)=C\c1ccccc1,8.05,8.98,9.46,9.39,10,8.18,8.36,9.229798048,0.2014704901,5.749421582,validating
tp_114,O=C(Cc1ccccc1)c1ccncc1,O/C(/c1ccncc1)=C\c1ccccc1,4.23,5.92,6.27,6.51,6.26,5.61,6.5,7.947016226,0.1986645168,4.49528931,testing
tp_1149,Cc(cc1S)nn1-c1ccccc1,CC(NN1c2ccccc2)=CC1=S,2.18,1.27,1.17,0.29,0.17,0.1,0.02,nan,nan,nan,nan
tp_115,O=C(Cc1ccccc1)c1cnccc1,O/C(/c1cnccc1)=C\c1ccccc1,5.73,7.35,7.71,7.87,7.55,6.9,7.66,9.697493035,0.1970397624,6.028854893,training
tp_1150,Cc1nn(C)c(S)c1,CC(NN1C)=CC1=S,3,2.22,2.46,1.81,1.91,1.8,1.98,nan,nan,nan,nan
tp_1152,Sc(cc1)nnc1S,SC(C=C1)=NNC1=S,5.59,5.98,6.02,6.18,6.12,6.21,6.18,nan,nan,nan,nan
tp_116,O=C(Cc1ccccc1)c1ncccc1,O/C(/c1ncccc1)=C\c1ccccc1,4.57,3.84,3.7,3.82,3.07,2.7,2.68,0.1781387929,0.1985587213,1.00352665,training
tp_117,O=C(Cc1ccccc1)c1nccnc1,O/C(/c1nccnc1)=C\c1ccccc1,3.96,3.32,3.13,4.2,2.94,3.25,2.81,8.870223614,0.2034878565,5.978729819,training
tp_1181,Nc1ncccc1,N=C1NC=CC=C1,8.87,12.06,11.65,11.95,11.55,12.54,12.13,16.42414006,0.188751193,10.14011509,training
tp_1182,c(cc1)ccc1Nc1ncccc1,c(cc1)ccc1/N=C1/NC=CC=C1,6.28,8.25,8.21,7.99,7.9,7.97,8.01,10.47037974,0.19274678,4.398890914,training
tp_1183,CC(Nc1ncccc1)=O,CC(/N=C1/NC=CC=C1)=O,4.5,8.55,8.83,9.63,9.55,10.52,10.4,17.77980427,0.1861291102,10.46328884,training
tp_1184,O=C(C(Cl)Cl)Nc1ncccc1,O=C(C(Cl)Cl)/N=C1/NC=CC=C1,2.59,2.8,3.02,3.5,4.19,3.99,4.36,nan,nan,nan,nan
tp_1185,O=C(C(Cl)(Cl)Cl)Nc1ncccc1,O=C(C(Cl)(Cl)Cl)/N=C1/NC=CC=C1,1.36,1.99,2.29,2.93,2.86,2.97,2.94,nan,nan,nan,nan
tp_1186,CS(Nc1ncccc1)(=O)=O,CS(/N=C1/NC=CC=C1)(=O)=O,1.09,1.34,1.3,1.85,1.76,1.36,1.42,nan,nan,nan,nan
tp_1187,O=S(c1ccccc1)(Nc1ncccc1)=O,O=S(c1ccccc1)(/N=C1/NC=CC=C1)=O,2.46,1.17,1.49,1.8,2.2,1.56,0.79,nan,nan,nan,nan
tp_1188,Nc1nc2ccccc2cc1,N=C1Nc(cccc2)c2C=C1,6.28,8.33,8.02,8.64,8,9.32,8.59,11.23127694,0.1879903578,7.727214683,validating
tp_1189,O=C(C(Cl)(Cl)Cl)Nc1nc2ccccc2cc1,O=C(C(Cl)(Cl)Cl)/N=C1/Nc(cccc2)c2C=C1,0.68,0.21,0.52,0.79,0.55,1.38,1.27,nan,nan,nan,nan
tp_119,O=C(Cc1cnccc1)c1ccccc1,O/C(/c1ccccc1)=C\c1cnccc1,6.64,8.2,8.59,8.38,7.82,7.15,7.53,8.804402092,0.1970215003,5.881603232,training
tp_1190,Nc1nccc2ccccc12,N=C1NC=Cc2c1cccc2,5.59,7.96,7.61,8.18,7.37,8.48,7.7,10.93886012,0.1758068323,5.394519656,training
tp_1191,Nc1nc2ccccc2c2ccccc12,N=C1Nc(cccc2)c2-c2c1cccc2,4.23,6.58,6.25,6.56,6.17,6.94,6.31,7.414468131,0.1788076958,5.619356805,training
tp_1192,Nc1cc2ccccc2nn1,N=C1NN=C(C=CC=C2)C2=C1,12.28,14.65,14.26,14.52,14.11,15.23,14.82,10.74559301,0.1961954137,11.14905867,validating
tp_1193,Nc1ncccn1,N=C1N=CC=CN1,10.23,13.68,13.68,13.69,13.69,14.43,14.44,23.72354557,0.181809965,15.54779421,validating
tp_1195,Nc1cccnn1,N=C1NN=CC=C1,5.59,9.35,8.96,9.64,8.85,10.29,9.22,8.813719913,0.1843272354,7.477902113,validating
tp_1196,Nc1nncc2ccccc12,N=C1NN=Cc2c1cccc2,0.68,-5.62,-5.32,-5.21,-4.83,-5.33,-4.73,-4.583610061,0.185061064,-3.758957113,testing
tp_120,O=C(Cc1ccncc1)c1ccccc1,O/C(/c1ccccc1)=C\c1ccncc1,5.96,7.5,7.73,8.15,7.8,7.03,7.96,8.72729583,0.1974489277,6.106174439,training
tp_1201,Nc1nc2ccccc2nc1,N=C1Nc(cccc2)c2N=C1,11.6,9.85,9.46,9.57,9.18,9.94,9.55,11.58871175,0.1854425854,8.781718923,training
tp_121,O=C(Cc1ncccc1)c1ccccc1,O/C(/c1ccccc1)=C\c1ncccc1,2.69,0.76,0.68,1.65,0.96,0.41,0.39,0.7241865783,0.2111664862,2.005265305,training
tp_122,O=C(Cc1nccnc1)c1ccccc1,O/C(/c1ccccc1)=C\c1nccnc1,2.82,1.77,1.79,2.26,1.52,1.19,1.01,2.775176176,0.1946465391,0.05673982024,training
tp_1221,Nc1nccs1,N=C1SC=CN1,6.14,7.86,7.46,7.42,7.02,7.65,7.24,nan,nan,nan,nan
tp_1222,C(c1ccccc1)Nc1nccs1,C(c1ccccc1)/N=C1\SC=CN1,5.59,5.75,5.52,5.04,5.95,4.79,4.62,nan,nan,nan,nan
tp_1223,c1csc(Nc2ccccc2)n1,C(N1)=CS/C1=N\c1ccccc1,3.14,3.54,3.41,3.27,3.48,3.24,2.95,nan,nan,nan,nan
tp_1224,Cc(cc1)ccc1S(Nc1nccs1)(=O)=O,Cc(cc1)ccc1S(/N=C1\SC=CN1)(=O)=O,2.18,6.61,6.78,5.14,6.01,4.96,5.12,nan,nan,nan,nan
tp_1225,Nc1nc(CCCC2)c2o1,N=C1OC(CCCC2)=C2N1,5.87,6.39,5.74,6.36,5.9,6.75,6.3,10.67056735,0.1829038411,7.264888314,training
tp_1226,Nc1nc(CCCC2)c2s1,N=C1SC(CCCC2)=C2N1,5.05,6.43,6.06,6.16,5.8,6.59,6.19,nan,nan,nan,nan
tp_1227,Nc1nc(cccc2)c2s1,N=C1Sc(cccc2)c2N1,5.46,7.5,7.3,6.39,5.97,6.67,6.28,nan,nan,nan,nan
tp_1228,Cn1c(N)nc2c1cccc2,CN(c(cccc1)c1N1)C1=N,3.55,6.37,6.1,6.03,5.46,5.94,5.55,6.815858088,0.1823385673,4.31349803,training
tp_1229,Cn1c(N)nc(-c2ccccc2)c1-c1ccccc1,CN(C(c1ccccc1)=C(c1ccccc1)N1)C1=N,4.78,8.15,7.96,8.24,7.98,8.72,8.78,8.612273041,0.1877248655,5.319401387,training
tp_1230,Cn1c(N)nc2cc3ccccc3cc12,CN(c1cc2ccccc2cc1N1)C1=N,3,5.06,4.78,4.63,4.37,4.56,4.27,6.487104476,0.1900429809,4.452212364,training
tp_1231,Cn1c(N)nc2c1ccc1ccccc12,CN(c(ccc1ccccc11)c1N1)C1=N,3.82,7.31,7.12,7.02,6.51,7.2,6.85,8.187274581,0.1790345822,5.913935918,training
tp_1232,c1nnc(Nc2ccccc2)o1,C(O1)=NN/C1=N/c1ccccc1,5.46,4.91,5.56,4.05,4.65,4.07,5.21,5.812240703,0.1882165218,3.666677355,validating
tp_1233,Nc1nnc(-c2ccccc2)o1,N=C1OC(c2ccccc2)=NN1,7.5,7.51,7.11,7.04,6.88,7.23,7.05,6.070052789,0.184637555,7.070611865,testing
tp_1234,CNc1nnc(-c2ccccc2)o1,C/N=C1\OC(c2ccccc2)=NN1,8.19,6.89,6.31,6.88,6.26,6.87,6.34,6.311176647,0.1894942528,7.158745321,training
tp_1235,c(cc1)ccc1-c1nnc(Nc2ccccc2)o1,c(cc1)ccc1C(O1)=NN/C1=N/c1ccccc1,4.91,4.53,4.74,4.18,4.33,4.12,4.72,4.861989901,0.1943262589,3.094823261,validating
tp_1236,c1nnc(Nc2ccccc2)s1,C(S1)=NN/C1=N/c1ccccc1,4.64,3.28,3.28,2.53,2.52,2.34,2.12,nan,nan,nan,nan
tp_1237,Nc1nnc(-c2ccccc2)s1,N=C1SC(c2ccccc2)=NN1,7.5,7.03,6.64,6.51,6.12,6.53,6.16,nan,nan,nan,nan
tp_1238,c(cc1)ccc1-c1nnc(Nc2ccccc2)s1,c(cc1)ccc1C(S1)=NN/C1=N/c1ccccc1,3.96,2.68,2.7,2.42,2.19,2.21,1.74,nan,nan,nan,nan
tp_1239,Nc1nc(-c2ccccc2)no1,N=C1ON=C(c2ccccc2)N1,8.87,10.9,10.76,9.77,9.57,10.1,9.96,13.20032964,0.1739850928,10.652271,training
tp_1240,CNc1nc(-c2ccccc2)no1,C/N=C1\ON=C(c2ccccc2)N1,9.41,10.25,10.45,8.91,8.75,9.02,8.96,13.82295642,0.1864403321,10.56112502,training
tp_1241,Nc1ncn[nH]1,N=C1NN=CN1,8.87,12.04,11.69,11.72,11.34,12.11,11.73,12.76481643,0.1888667036,8.817078664,training
tp_1242,Cn1nnnc1N,CN1N=NNC1=N,10.1,13.67,13.33,13.37,12.81,13.4,13.01,10.59615389,0.1778422735,9.267508059,testing
tp_1243,CNc1nnnn1C,CN1N=NN/C1=N/C,13.1,13.02,12.64,12.59,12.33,12.63,12.33,13.13881437,0.1818242197,11.89294062,training
tp_1249,CC(NC(C)=O)=N,C/C(/N)=N/C(C)=O,3.82,2.18,2.3,1.77,1.58,1.86,1.27,0.9823663374,0.1845327586,4.909648642,testing
tp_1250,CC(NC(N)=N)=O,CC(N=C(N)N)=O,4.23,4.6,4.37,4.05,3.91,4.02,3.94,-1.05231811,0.1898765885,1.999618612,training
tp_1254,CC(NC1=NCCN1C)=O,CC(/N=C1/N(C)CCN1)=O,3.68,7.78,7.99,6.79,7.31,7.15,7.56,8.09743357,0.188890423,7.952423429,training
tp_126,O=C(Cc1ccnc2ccccc12)c1ccccc1,O/C(/c1ccccc1)=C\c1ccnc2ccccc12,5.73,8.53,8.84,8.56,8.54,7.39,7.97,6.559442915,0.1990833826,3.203208679,testing
tp_1265,CC(Nc1nccs1)=O,CC(/N=C1\SC=CN1)=O,1.36,4.59,4.59,4.25,4.23,4.22,4.21,nan,nan,nan,nan
tp_1266,O=C(C(F)(F)F)Nc1nccs1,O=C(C(F)(F)F)/N=C1\SC=CN1,1.77,-4.95,-5.33,-5.77,-5.74,-6.99,-6.96,nan,nan,nan,nan
tp_1267,O=C(C(Cl)Cl)Nc1nccs1,O=C(C(Cl)Cl)/N=C1\SC=CN1,0.41,-1.27,-0.89,-1.26,-0.53,-1.25,-0.69,nan,nan,nan,nan
tp_1275,O=C(C(Cl)Cl)Nc1nncs1,O=C(C(Cl)Cl)/N=C1\SC=NN1,0.27,0.78,0.42,0.51,0.2,0.64,0.42,nan,nan,nan,nan
tp_1279,O=C(C(Cl)(Cl)Cl)Nc1nccs1,O=C(C(Cl)(Cl)Cl)/N=C1\SC=CN1,1.77,2.68,2.17,2.73,2.74,2.81,2.83,nan,nan,nan,nan
tp_1280,O=C(C(Cl)(Cl)Cl)Nc1nc(cccc2)c2s1,O=C(C(Cl)(Cl)Cl)/N=C1\Sc(cccc2)c2N1,2.05,2.21,2.44,1.32,1.53,1.41,1.59,nan,nan,nan,nan
tp_1282,O=C(C(Cl)(Cl)Cl)Nc1nncs1,O=C(C(Cl)(Cl)Cl)/N=C1\SC=NN1,2.18,2.56,2.49,1.67,1.59,1.87,1.84,nan,nan,nan,nan
tp_1283,Cn1nnnc1NC(C(Cl)(Cl)Cl)=O,CN1N=NN/C1=N/C(C(Cl)(Cl)Cl)=O,0,-1.39,-1.21,-0.85,-1.17,-1.27,-1.62,nan,nan,nan,nan
tp_1321,O=C1NC=NC11CCCCC1,O=C1N=CNC11CCCCC1,0.41,-1.55,-1.71,-1.65,-1.86,-0.97,-1.16,6.410188396,0.1753851412,0.4558321614,validating
tp_1322,O=C1NC=NC1(c1ccccc1)c1ccccc1,O=C1N=CNC1(c1ccccc1)c1ccccc1,0.55,-0.44,-0.41,0.01,-0.17,-0.54,-0.57,9.729004609,0.1806769325,2.995896411,training
tp_1323,CSC(N1)=NC2(CCCCC2)C1=O,CSC(NC12CCCCC2)=NC1=O,1.36,2.14,2.23,2.28,2.11,1.53,1.34,nan,nan,nan,nan
tp_1324,NC(N1)=NC2(CCCCC2)C1=O,NC(NC12CCCCC2)=NC1=O,4.5,6.57,6.86,5.86,6.08,4.91,5.09,-2.048557229,0.170944665,2.376446851,training
tp_1341,Cc1cnc(C)nc1O,CC1=CN=C(C)NC1=O,2.73,6.43,6.45,6.24,6.29,5.21,5.26,0.9883276439,0.175045392,3.380180157,validating
tp_1342,Cc1nccc(O)n1,CC(N1)=NC=CC1=O,2.54,5.64,5.75,6.1,6.27,4.93,5.16,0.4928015941,0.1741800937,3.662841497,training
tp_1343,Cc(nc1)nc(O)c1OC,CC(NC1=O)=NC=C1OC,2.5,5.26,5.47,6.32,6.7,5.08,5.83,1.259767459,0.1750876494,3.597434123,validating
tp_1344,Cc(nc1)nc(O)c1C(N)=O,CC(N1)=NC=C(C(N)=O)C1=O,1.83,5.36,5.36,4.91,4.92,4.06,4.08,3.747476375,0.1760997732,3.884693627,training
tp_1345,CCOC(c(cnc(C)n1)c1O)=O,CCOC(C1=CN=C(C)NC1=O)=O,1.87,3.45,3.36,4.09,3.73,3.06,2.56,-2.82360893,0.175613205,0.1927872305,training
tp_1346,Cc(nc1O)ncc1C#N,CC(NC1=O)=NC=C1C#N,1.61,7.45,7.46,7.24,7.32,6.17,6.23,-0.1188417766,0.1833331326,3.25013092,training
tp_1347,Cc1cnc(C)nc1O,CC1=CNC(C)=NC1=O,2.67,5.05,5.18,5.86,5.89,4.44,4.46,-7.36690224,0.1815759923,1.446402889,training
tp_1348,Cc1nccc(O)n1,CC(NC=C1)=NC1=O,2.62,5.76,5.83,5.85,5.94,4.23,4.36,-7.233879687,0.1858009564,1.418827432,testing
tp_1349,Cc(nc1)nc(O)c1OC,CC(NC=C1OC)=NC1=O,2.4,5.3,5.59,7.01,7.48,5.37,6.09,-5.403826247,0.1731209151,2.940892795,validating
tp_1350,Cc(nc1)nc(O)c1C(N)=O,CC(NC=C1C(N)=O)=NC1=O,1.87,4.87,4.87,5.03,5.03,3.95,3.96,-2.464405379,0.1867117498,2.961538091,testing
tp_1351,CCOC(c(cnc(C)n1)c1O)=O,CCOC(C1=CNC(C)=NC1=O)=O,1.71,2.21,1.63,3.04,2.63,1.78,1.19,-9.730739825,0.1783451966,-0.6358263764,testing
tp_1352,Cc(nc1O)ncc1C#N,CC(NC=C1C#N)=NC1=O,1.54,5.81,5.83,6.65,6.72,5.31,5.39,-8.160182632,0.1917868121,1.343451212,testing
tp_1353,CC1=CN=C(C)NC1=O,CC1=CNC(C)=NC1=O,0.05,0.88,0.88,0.08,0.08,0.49,0.49,8.397458389,0.1861372887,2.420561013,training
tp_1354,CC(N1)=NC=CC1=O,CC(NC=C1)=NC1=O,0.07,-0.46,-0.46,-0.1,-0.09,-0.54,-0.53,-7.64136129,0.1946622471,-2.315722833,training
tp_1355,CC(NC1=O)=NC=C1OC,CC(NC=C1OC)=NC1=O,0.1,0.42,0.42,-0.64,-0.64,-0.24,-0.25,7.635936696,0.1875407932,1.975092687,validating
tp_1356,CC(N1)=NC=C(C(N)=O)C1=O,CC(NC=C1C(N)=O)=NC1=O,0.04,-1.13,-1.13,-0.12,-0.13,-0.52,-0.52,-6.453411821,0.19096881,-0.6579511269,training
tp_1357,CCOC(C1=CN=C(C)NC1=O)=O,CCOC(C1=CNC(C)=NC1=O)=O,0.16,1.84,1.66,0.86,1.17,1.15,1.44,6.96125074,0.1854602502,1.121748066,training
tp_1358,CC(NC1=O)=NC=C1C#N,CC(NC=C1C#N)=NC1=O,0.07,1.16,1.16,0.5,0.5,0.76,0.77,8.249442693,0.1941846354,1.974374837,training
tp_1365,NC(N1)=NN=CC1=O,NC(NN=C1)=NC1=O,3.27,4,4,4.16,4.18,3.92,3.96,1.877147603,0.1897687733,5.051504113,testing
tp_1366,CC1=NN=C(N)NC1=O,CC1=NNC(N)=NC1=O,3.19,4.38,4.67,4.6,4.6,4.41,4.42,1.149364049,0.1823632938,4.54297441,validating
tp_1367,NC(N1)=NN=CC1=O,N=C(N1)NN=CC1=O,3.62,5.77,5.77,4.51,4.18,4.2,4.01,-0.5710814463,0.1798047839,1.740235412,training
tp_1368,CC1=NN=C(N)NC1=O,CC(C(N1)=O)=NNC1=N,2.82,5.12,4.71,4.29,3.9,4.12,3.78,-0.7289662738,0.1703108762,2.976227078,training
tp_1370,O=C1N(CCN2)C2=Nc2c1cccc2,O=C(c(cccc1)c1N1)N2C1=NCC2,5.87,4.71,4.32,4.43,4.02,4.67,4.26,4.781230231,0.1864400697,5.837836655,testing
tp_1377,O=C1N2N=CNC2=Nc2c1cccc2,O=C1n2ncnc2Nc2c1cccc2,2.18,3.09,3.09,2.94,2.94,2.84,2.84,6.367404041,0.17993729,2.434728634,training
tp_1378,O=C1N(C=CN2)C2=Nc2c1cccc2,O=C(c(cccc1)c1N1)n2c1ncc2,2.18,0.65,0.65,0.65,0.65,0.92,0.92,-2.385549907,0.1748112047,0.4793536833,training
tp_1379,O=C1N(C=NN2)C2=Nc2c1cccc2,O=C(c(cccc1)c1N1)n2c1nnc2,1.09,-0.3,-0.3,0.01,0.01,-0.29,-0.29,-1.368221135,0.1847927649,-0.5558669809,training
tp_1380,O=C1N2N=NCNC2=Nc2c1cccc2,O=C1N2N=NCN=C2Nc2c1cccc2,3.68,-0.77,-0.66,0.03,0.05,0.06,0.08,-2.910305423,0.1847960921,-2.904205905,testing
tp_1381,Nc1nnc[nH]1,N=C1NN=CN1,7.5,8.03,7.62,8.1,7.69,8.19,7.79,5.674323089,0.1907347236,6.950873076,testing
tp_1384,Nc1ncco1,N=C1OC=CN1,6.96,8.5,8.09,7.64,7.25,7.58,7.47,10.23134626,0.1733129215,6.735931303,testing
tp_1385,Nc1ncc[nH]1,N=C1NC=CN1,4.23,8.67,8.67,8.98,8.61,9.21,8.82,10.47130328,0.1754799037,5.376116211,training
tp_141,CC(C(C)=O)=O,CC(C(O)=C)=O,6.62,4.91,4.91,5.77,5.79,5.01,5.03,11.06391214,0.1997115726,8.590875707,training
tp_1411,Oc1ncccn1,O=C1N=CC=CN1,3,5.11,5.11,5.66,5.66,4.39,4.4,-3.772066185,0.1833939518,1.980955768,testing
tp_1413,NC(N1)=CC=NC1=O,NC(C=CN1)=NC1=O,3.55,3.65,3.65,3.83,4.23,4.26,4.66,7.541940016,0.1795955204,7.094762416,validating
tp_1414,NC(N1)=CC=NC1=O,N=C(C=CN1)NC1=O,2.05,4.64,4.64,4.91,4.55,4.34,3.97,-4.819307865,0.2041752679,-3.11456209,training
tp_1415,NC(C=CN1)=NC1=O,N=C(C=CN1)NC1=O,5.59,8.6,8.6,8.84,8.84,8.69,8.68,3.135920563,0.1905056526,4.20688216,testing
tp_1422,NC(CCN1)=NC1=O,N=C(CCN1)NC1=O,1.64,2.98,3.09,3.34,3.45,2.84,2.97,-2.614785078,0.194286358,1.454388173,validating
tp_1423,NC(N1)=CN=NC1=O,NC(C=NN1)=NC1=O,7.5,9.73,9.73,9.64,9.6,9.98,9.98,19.46657172,0.1876194384,12.96935189,training
tp_1424,NC(C=NN1)=NC1=O,N=C(C=NN1)NC1=O,2.73,9.07,9.07,8.57,8.58,8.3,8.32,3.549526478,0.1912406066,4.931363992,training
tp_1429,CSC(N1)=NC2(CCCCC2)C1=S,CSC(NC12CCCCC2)=NC1=S,1.09,1.15,1.17,1.59,1.61,1.4,1.42,nan,nan,nan,nan
tp_1450,CN(C)c1ccnc(N)n1,CN(C)C(C=CN1)=NC1=N,8.19,11.54,11.4,11.35,11.08,12.07,11.79,21.74210334,0.1923359005,13.62081866,testing
tp_1451,Nc1ncncc1,N=C1N=CNC=C1,8.87,13.88,13.88,13.88,13.11,14.52,13.6,19.00532011,0.1863986489,11.2747644,testing
tp_1452,Nc1ccnc(N)n1,NC(C=CN1)=NC1=N,8.05,11.08,10.89,11.14,10.77,11.96,11.56,22.72437128,0.1861675115,13.94998697,testing
tp_1453,Nc1ccnc(N)n1,NC(NC=C1)=NC1=N,7.64,14.45,14.66,14.13,14.09,15.27,15.14,21.44532563,0.1805621928,11.33611095,testing
tp_1454,CN(C)c1nc(N)ccn1,CN(C)C(NC=C1)=NC1=N,8.05,13.08,12.95,12.96,12.97,13.99,14,21.32875063,0.1767922348,12.51441678,training
tp_1455,CNc1ccnc(N)n1,CNC(C=CN1)=NC1=N,7.78,11.18,11.01,10.73,10.6,11.43,11.04,23.69121563,0.1824311857,14.52233462,training
tp_1456,CNc1ccnc(N)n1,C/N=C1/N=C(N)NC=C1,7.37,14.58,14.4,14.07,13.77,15.08,14.67,23.26067446,0.1967385414,10.75706467,training
tp_1465,N=C(C1)Nc2c1cccc2,NC(C1)=Nc2c1cccc2,1.91,4.29,4.46,3.74,3.55,3.8,3.63,3.468683169,0.1702000824,1.563858172,validating
tp_1484,Nc1nc(cccc2)c2[nH]1,N=C1Nc(cccc2)c2N1,3.14,6.4,6.4,5.71,5.32,6.09,5.68,8.188458872,0.1787022997,4.897077741,training
tp_1485,Nc1ncno1,N=C1ON=CN1,10.1,11.31,11.31,10.31,9.93,10.41,10.04,13.09541473,0.1792468886,9.677438291,training
tp_1486,Nc1ncns1,N=C1SN=CN1,7.78,9.6,9.6,8.66,8.26,8.89,8.47,nan,nan,nan,nan
tp_1487,NC(N1)=Nc(cccc2)c2C1=O,N=C(Nc1c2cccc1)NC2=O,6.41,6.54,6.14,5.93,5.55,6.08,5.71,4.559881285,0.1846259893,5.565226296,training
tp_1488,NC(N1)=Nc(cccc2)c2C1=O,NC(Nc1c2cccc1)=NC2=O,1.23,-0.15,-0.47,-0.31,-0.21,0.47,0.57,6.876523961,0.1860244591,0.856959696,training
tp_1489,NC(Nc1c2cccc1)=NC2=O,N=C(Nc1c2cccc1)NC2=O,5.18,6.78,6.78,6.3,5.88,5.68,5.26,-2.299327989,0.1989563415,4.962077612,training
tp_1490,O=C1N(c(cccc2)c2N2)C2=Nc2c1cccc2,O=C(c(cccc1)c1N1)n2c1nc1c2cccc1,3.27,1.84,1.84,0.82,0.82,0.92,0.92,-1.442724492,0.1856610094,2.044058968,training
tp_1491,O=C1N=C(NC=C2)N2c2c1cccc2,O=C1Nc2nccn2-c2c1cccc2,0.96,-0.07,-0.07,0.12,0.12,-0.24,-0.24,-11.54205848,0.1824074134,-0.5964705752,training
tp_1492,O=C1N=C(NN=C2)N2c2c1cccc2,O=C1Nc2nncn2-c2c1cccc2,2.32,0.86,0.86,0.53,0.52,0.82,0.81,7.69357978,0.1896848959,1.891023728,testing
tp_1493,O=C(c1c2cccc1)N=C1N2N=CN1,O=C1Nc2ncnn2-c2c1cccc2,3.41,4.32,4.32,3.49,3.49,3.95,3.95,16.05383399,0.1870493155,5.422964115,training
tp_1494,O=C(c1c2cccc1)N=C1N2N=NN1,O=C1Nc2nnnn2-c2c1cccc2,4.91,6.86,6.86,7.23,7.23,7.7,7.69,13.97335692,0.1887851213,6.073592402,training
tp_1495,O=C1N(C=CN2)C2=NC=C1,O=C(C=CN1)n2c1ncc2,4.78,1.07,1.07,1.28,1.28,1.29,1.29,-0.7575950005,0.1964544323,0.3931127389,validating
tp_1496,O=C1N2N=NNC2=NC=C1,O=C1n2nnnc2NC=C1,1.09,5.17,5.17,5.38,5.38,5.55,5.55,2.630638093,0.1832938808,3.496437293,training
tp_1499,OC(N1)=NC=CC1=O,OC(NC=C1)=NC1=O,0,0.94,0.94,0.63,0.63,0.95,1.04,10.83401018,0.1923098147,4.540447829,training
tp_1500,Oc1ncnc2ccccc12,O=C1NC=Nc2c1cccc2,7.23,9.05,9.08,9.39,9.41,8.62,8.66,3.529064456,0.186842703,5.749464016,training
tp_1501,Oc1ncnnc1,O=C1N=CNN=C1,3.27,7.7,7.82,8.13,8.31,7.03,7.25,-1.575164763,0.1765536691,1.97468776,training
tp_1502,Oc1nnccn1,O=C1N=CC=NN1,6.96,7.61,7.85,8.1,8.39,6.94,7.25,3.971108642,0.1802276093,3.548712998,validating
tp_1503,Oc1ncncn1,O=C1N=CN=CN1,2.18,5.48,5.48,6,5.99,4.89,4.88,-2.136729544,0.1847258256,1.224849715,validating
tp_1504,Oc1nncnc1,O=C1NN=CN=C1,4.78,6.14,6.19,7.02,7.17,6.13,6.32,4.509335339,0.1815449709,3.436753753,training
tp_1505,Oc1nc2ccccc2cn1,O=C1N=Cc(cccc2)c2N1,6.14,7.13,7.51,7.58,7.93,6.22,6.61,0.6046821761,0.1825285296,4.771513077,training
tp_1506,O=C1N=Cc(cccc2)c2N1,O=C1N=C(C=CC=C2)C2=CN1,2.87,5.39,5.39,5.3,5.3,5.47,5.47,6.629202044,0.1932794773,4.431412642,training
tp_1508,Oc1n[nH]cc1,O=C1NNC=C1,0,0.45,0.33,-0.32,-0.31,1.76,1.7,8.709848101,0.1757251371,1.709732805,testing
tp_1509,Cn(cc1)nc1O,CN(C=C1)NC1=O,0.68,-0.4,-0.22,-0.39,-0.35,1.69,1.65,10.57575807,0.1693699768,1.190287429,testing
tp_1510,Oc(cc1)nn1-c1ccccc1,O=C(C=C1)NN1c1ccccc1,1.36,0.14,0.14,0.03,-0.33,2.12,1.67,11.51290539,0.1650232447,4.107903561,training
tp_1511,Oc1nocc1,O=C1NOC=C1,2.73,0.01,-0.25,-0.47,-0.48,0.62,0.51,5.542944473,0.1682493813,3.378026094,training
tp_1512,Cc1cc(O)no1,CC(ON1)=CC1=O,1.5,-1.04,-1.3,-1.46,-1.44,-0.47,-0.52,4.248494067,0.1614234983,1.804882677,training
tp_1513,Cc1c(C)[nH]nc1O,CC1=C(C)NNC1=O,2.46,1.73,1.51,2.14,1.48,0.52,-0.02,-5.619790019,0.1735242306,0.7088777809,training
tp_1514,Cc1c(C)n(C)nc1O,CC1=C(C)N(C)NC1=O,1.77,2.12,2.02,2.48,2.98,0.79,1.29,-7.471081706,0.173780201,-0.04042999556,training
tp_1515,Cc1c(C)n(-c2ccccc2)nc1O,CC1=C(C)N(c2ccccc2)NC1=O,1.09,1.43,1.64,1.88,1.96,0.11,0.2,-6.238329169,0.1708810044,-1.850800374,validating
tp_1516,Cc1noc(O)c1,CC(NO1)=CC1=O,1.23,6.2,6.2,6.66,6.65,5.76,5.74,0.689049431,0.163022251,3.870522635,validating
tp_1517,CC(C1)=NN(C)C1=O,CC(NN1C)=CC1=O,2.05,-1.13,-1.49,-1.64,-2.06,-1.75,-2.14,-6.590952665,0.1843107329,1.079784413,training
tp_1518,CC(C1)=NN(C)C1=O,Cc1nn(C)c(O)c1,0.41,7.24,7.27,7.32,7.42,5.67,5.79,3.733265447,0.1845810848,2.51465727,testing
tp_1519,CC(C1)=NOC1=O,Cc1noc(O)c1,1.64,8.8,9.09,9.1,9.75,7.89,8.8,4.890997935,0.1878032466,2.543418471,validating
tp_1521,OC1=NNCCC1,O=C1NNCCC1,6.96,10.43,10.6,10.2,10.38,8.93,9.19,5.579421441,0.1746337706,6.603528693,training
tp_1522,OC1=NOCCC1,O=C1NOCCC1,3.68,6.92,6.85,6.34,6.34,5.2,5.23,5.034340406,0.1737620632,4.528472624,training
tp_1523,OC1=NNCC1,O=C1NNCC1,6.14,11.76,11.98,11.14,11.41,9.97,10.32,6.171888507,0.1728744512,6.685885282,training
tp_1524,OC1=NOCC1,O=C1NOCC1,2.87,6.23,6.36,5.52,5.79,4.71,5.08,4.090729014,0.1680833937,3.436272832,training
tp_1528,OC(CC1)=NNC1=O,O=C(CC1)NNC1=O,6.14,6.15,6.23,5.3,5.46,4.05,4.26,1.04607283,0.1747783655,3.172621408,validating
tp_1533,C/N=C(/c1ccccc1)\S,CNC(c1ccccc1)=S,12.01,12.12,12.53,11.82,12.09,12.24,12.57,nan,nan,nan,nan
tp_1534,C/N=C(/c1ccccc1)\O,CNC(c1ccccc1)=O,11.73,16.78,17.11,16.62,16.88,15.57,15.66,15.91371285,0.1794999829,13.12649241,validating
tp_1535,CC(C=C)=O,C=CC(O)=C,10.64,11.72,11.88,11.89,12,10.63,10.59,11.58910562,0.1951588372,10.50305532,training
tp_1536,CC(C#N)=O,C=C(C#N)O,7.23,6.96,7.28,7.14,7.12,6.33,5.9,8.470538733,0.194800068,9.365312632,validating
tp_1537,O=C1C=CC=CC1,O=C1C=CCC=C1,2.73,2.18,2.18,2.1,2.1,1.91,1.91,-5.135294817,0.2018460733,-0.9181183053,training
tp_1544,OC(CC(O)=O)=O,OC(C=C(O)O)=O,11.46,9.51,9.33,10.78,10.87,9.9,10.07,12.58940976,0.1974500351,6.627807476,testing
tp_1546,OC(C=CN1)=CC1=O,OC(NC=C1)=CC1=O,2.32,-5.15,-4.87,-5.68,-5.4,-6.17,-5.77,-9.299042725,0.167033146,-4.347705034,training
tp_1547,CC(C(CCCC1)C1=O)=O,C/C(/O)=C(/CCCC1)\C1=O,1.5,-1.04,-1.2,-0.46,-0.74,-1.67,-1.45,8.298293727,0.1936416187,3.828043309,testing
tp_155,O=C1CC=CC=CC1,OC1=CC=CC=CC1,1.36,3.96,4.12,3.94,4.19,2.76,3.04,6.936918309,0.1915756318,4.167723167,training
tp_1553,CCOC(CC1=NCCS1)=O,CCOC(/C=C1\SCCN1)=O,0.41,-1.97,-2.09,-0.86,-1.15,-1.32,-1.53,nan,nan,nan,nan
tp_1555,FC(Cc1ncccc1)(F)F,FC(/C=C1/NC=CC=C1)(F)F,11.32,15.85,15.97,16.74,17.54,16.41,17.73,nan,nan,nan,nan
tp_1556,NOCCc1ncccc1,NOC/C=C1/NC=CC=C1,9.96,18.79,18.56,18.82,17.4,18.66,17.66,17.7830268,0.2066254107,10.76475708,training
tp_1557,CS(Cc1ncccc1)(=O)=O,CS(/C=C1/NC=CC=C1)(=O)=O,9.82,12.81,12.55,13.07,12.74,12.73,12.54,nan,nan,nan,nan
tp_1558,O=S(Cc1ncccc1)(C(F)(F)F)=O,O=S(C(F)(F)F)(/C=C1/NC=CC=C1)=O,3.55,4.72,4.71,4.65,4.06,4.61,4.07,nan,nan,nan,nan
tp_1559,COCCc1ncccc1,COC/C=C1/NC=CC=C1,2.73,18.95,19.08,19.32,19.8,19.2,19.8,17.68125879,0.2187031685,10.2532707,testing
tp_1560,O=CCc1ncccc1,O=C/C=C1/NC=CC=C1,1.77,-1.62,-2.17,-1.45,-2.24,-1.87,-2.48,9.186564601,0.1985902785,2.014310726,testing
tp_1565,O=C1SC(c2ccccc2)=CC1,Oc1ccc(-c2ccccc2)s1,1.36,5.47,5.67,5.45,5.15,4.16,3.86,nan,nan,nan,nan
tp_1568,CC(C(CCC1)C1=O)=O,CC(C(CCC1)=C1O)=O,2.05,0.36,0.09,0.59,0.14,-0.12,-0.41,0.1664426104,0.1946232108,0.1660502865,testing
tp_1569,CC(C(CCC1)C1=O)=O,C/C(/O)=C(\CCC1)/C1=O,1.23,-1,-1.11,-0.62,-1.02,-1.35,-1.59,-3.691203374,0.2007068969,-3.046275294,validating
tp_1571,O=C(C1)Sc2c1cccc2,Oc1cc(cccc2)c2s1,2.73,9.1,9.27,9.19,9.13,8,7.94,nan,nan,nan,nan
tp_1572,O=C1c(cccc2)c2OC1c1ccccc1,Oc1c(-c2ccccc2)oc2c1cccc2,1.09,4.43,4.09,4.6,4.39,2.81,2.5,0.4079687745,0.1864489254,0.1264722372,validating
tp_1573,CC1Oc(cccc2)c2C1=O,Cc(oc1c2cccc1)c2O,2.59,7.21,7.07,7.23,6.8,6.05,5.4,4.290428933,0.1981001058,4.134996279,training
tp_1574,COC1Oc(cccc2)c2C1=O,COc(oc1c2cccc1)c2O,0.68,10.51,10.53,10.66,10.42,9.3,9.18,5.699954976,0.1841751305,7.261561825,validating
tp_158,O=C1c(cccc2)c2C=CC1,Oc1cccc2ccccc12,9.74,10.11,10.11,8.24,7.87,9.63,9.26,7.408950259,0.1915781933,4.305592185,training
tp_159,O=C(C=CC1)c2c1cccc2,Oc1cccc2ccccc12,8.42,6.23,6.23,6.37,6.37,7.9,7.9,10.10050613,0.1957663604,4.050262147,testing
tp_1593,O=C1N=C(c2ccccc2)SC1c1ccccc1,Oc1c(-c2ccccc2)sc(-c2ccccc2)n1,2.32,-2.58,-2.68,-3.29,-2.7,-1.73,-1.18,nan,nan,nan,nan
tp_1594,O=C1N=C(c2ccccc2)OC1,Oc1coc(-c2ccccc2)n1,5.46,12.29,12.57,12.72,13.17,11.28,11.94,5.449631398,0.1999497312,5.915098255,validating
tp_1595,CC1OC(c2ccccc2)=NC1=O,Cc(oc(-c1ccccc1)n1)c1O,3.27,10.69,10.64,11.18,11.14,9.92,9.96,5.874594181,0.1890596993,5.353083651,training
tp_1596,O=C1N=C(c2ccccc2)NC1,Oc1c[nH]c(-c2ccccc2)n1,2.73,9.08,9.21,9.08,9.19,6.89,7.14,-1.562999185,0.2050273958,1.835366719,training
tp_1597,CC1NC(c2ccccc2)=NC1=O,Cc([nH]c(-c1ccccc1)n1)c1O,0.55,6.79,6.4,7.43,7.06,5.55,5.19,-0.49746985,0.1953431552,2.412813305,validating
tp_1598,O=C1N=C(c2ccccc2)NC1c1ccccc1,Oc1c(-c2ccccc2)[nH]c(-c2ccccc2)n1,0.96,-3.45,-3.47,-3.38,-3.28,-1.5,-1.48,2.973508432,0.194524699,0.3392175043,testing
tp_1599,CC(NC1)=NC1=O,Cc1nc(O)c[nH]1,4.09,11.01,11.14,12.22,12.25,10.21,10.29,-0.496332596,0.1969704333,2.995465837,training
tp_160,O=C(c1c(C2)cccc1)c1c2cccc1,Oc1c(cccc2)c2cc2ccccc12,2.87,5.42,5.42,5.14,5.14,3.92,3.92,1.807133646,0.1926299573,5.079969689,validating
tp_1600,CC1NC(C)=NC1=O,Cc([nH]c(C)n1)c1O,1.91,9.92,9.6,10.89,10.59,9.06,8.76,0.2700508304,0.194467779,3.782661804,training
tp_1601,CC(NC1c2ccccc2)=NC1=O,Cc1nc(O)c(-c2ccccc2)[nH]1,0.41,5.69,5.66,6.36,5.96,4.43,4.03,-3.015567112,0.1953824352,1.036359627,training
tp_1610,O=C1NN=CN1,Oc1n[nH]cn1,5.32,8.26,8.66,9.01,9.41,7.79,8.14,nan,nan,nan,nan
tp_1612,Oc1nc2ccccc2cn1,O=C1N=C(C=CC=C2)C2=CN1,3.27,1.57,1.95,2.33,2.68,0.82,1.19,-5.900187348,0.1765205367,1.10309778,training
tp_1613,O=C1NC=NN=C1,O=C1N=CNN=C1,2.73,2.4,2.4,2.76,2.76,2.6,2.6,-0.2618854743,0.1806040541,2.79837117,training
tp_1614,Oc1ncncc1,O=C1NC=NC=C1,4.78,5.41,5.56,5.69,5.89,4.65,4.9,-0.8498047245,0.1789469271,3.075383297,testing
tp_1615,Oc1ncncc1,O=C1N=CNC=C1,4.23,4.11,4.24,4.88,5.07,3.39,3.63,-8.531703654,0.1916360689,1.38287536,testing
tp_1616,Oc1ncnc2ccccc12,O=C1N=CNc2c1cccc2,5.59,6.64,6.65,7.8,7.84,6.48,6.54,-4.311893355,0.1872896011,3.190404102,training
tp_1629,OC(c(cccc1)c1N1)=NC1=O,O=C(c(cccc1)c1N1)NC1=O,8.73,11.28,11.3,11.21,11.26,10.88,10.95,13.61819544,0.1824206587,9.929931163,validating
tp_1636,CC/C(/C)=N/C,C/C=C(/C)\NC,2.46,4.67,4.48,5.71,5.87,4.91,4.61,3.052183908,0.1978861377,2.248519587,testing
tp_1637,CC/C(/c1ccccc1)=N/C,C/C=C(/c1ccccc1)\NC,1.91,3.51,3.72,4.24,4.38,3.6,3.1,nan,nan,nan,nan
tp_164,O=C(CC(N1CCCC1)=C1)C=C1N1CCCC1,Oc1cc(N2CCCC2)cc(N2CCCC2)c1,1.36,0.95,0.24,1.5,0.53,-0.74,-1.6,-7.528308339,0.1933728752,-2.036544622,training
tp_1652,NC(NN=C1)=NC1=O,N=C(N1)NN=CC1=O,6.14,9.39,9.39,8.76,8.38,8.2,7.95,1.048422236,0.196357776,7.437506137,validating
tp_1653,NC(N1)=NC=CC1=O,N=C(NC=C1)NC1=O,9,8.15,8.15,7.19,6.79,7.08,6.87,6.445228794,0.1974496956,6.480085978,training
tp_1654,NC(NC=C1)=NC1=O,N=C(NC=C1)NC1=O,9,6.56,6.56,6.01,5.61,5.21,4.98,-2.829803303,0.1802291181,4.829312504,training
tp_1655,NC(N1)=CN=NC1=O,N=C(C=NN1)NC1=O,4.09,1.05,1.05,0.78,1.14,1.42,1.8,16.53292473,0.1900934269,8.667854296,testing
tp_1656,c1cnc2n1cn[nH]2,c([nH]1)cn2c1nnc2,3.82,0.31,0.31,0.41,0.41,0.41,0.41,-4.380980412,0.1783815198,1.498652672,training
tp_1657,c1nnc2n1nn[nH]2,c1n[nH]c2nnnn12,2.59,6.24,6.24,6.25,6.25,6.45,6.45,5.878903688,0.1741304812,2.69024089,training
tp_1658,O=C1N2N=CNC2=NCC1,O=C1n2ncnc2NCC1,8.6,8.1,8.15,7.07,7.12,7.05,7.08,11.12690665,0.1827317219,6.91939362,training
tp_1659,O=C(CC1)N=C2N1N=CN2,O=C1Nc2ncnn2CC1,4.78,6.13,6.07,5.19,5.04,5.82,5.67,16.21865812,0.1841545523,4.928921792,validating
tp_1660,O=C1N=CC=C2N1N=NN2,O=C1n2nnnc2C=CN1,8.19,10.41,10.41,10.09,10.09,10.8,10.8,14.32786594,0.1877075364,12.77280905,testing
tp_1668,NC(SC1)=NC1=O,Nc1nc(O)cs1,5.46,16.65,17.19,17.63,18.24,15.88,16.55,nan,nan,nan,nan
tp_1669,NC(OC1)=NC1=O,Nc1nc(O)co1,9.55,22.27,22.75,23.13,23.74,21.52,22.33,13.11342754,0.1962468677,12.15955991,training
tp_1670,NC(NC1)=NC1=O,Nc1nc(O)c[nH]1,6.82,20.53,20.91,19.83,20.27,17.65,18.23,8.198690356,0.1999179575,9.474027454,validating
tp_1674,O=C1N=CNC1,Oc1c[nH]cn1,4.09,7.81,8,9.22,9.69,7.24,7.77,-3.631253228,0.1926648169,0.0746949181,training
tp_175,O=C(C1)Oc2c1cccc2,Oc1cc(cccc2)c2o1,7.09,14.51,14.88,15.12,15.18,13.93,14.1,13.69672995,0.1980673963,10.14885278,validating
tp_176,O=C(C1)Nc2c1cccc2,Oc1cc(cccc2)c2[nH]1,8.87,14.37,14.54,14.5,14.72,12.75,13.08,12.81307667,0.1916097975,10.76352093,training
tp_178,O=C1C=CSC1,Oc1cscc1,0.64,-4.15,-4.48,-4.22,-4.58,-2.58,-3.02,2.329124409,0.1955040332,0.2192984062,training
tp_179,O=C1C=CNC1,Oc1c[nH]cc1,0.18,-7.23,-7.52,-7.06,-7.03,-4.73,-4.65,nan,nan,nan,nan
tp_180,CN(C1)C=CC1=O,Cn(cc1)cc1O,0.25,-6.88,-7.18,-7.1,-6.91,-4.72,-4.51,2.21398508,0.194468435,-0.4217503564,testing
tp_181,O=C1c(cccc2)c2OC1,Oc1coc2c1cccc2,5.54,9.99,10.32,9.9,10.11,8.59,8.78,6.901812014,0.1945545221,6.503145933,validating
tp_182,O=C1c(cccc2)c2SC1,Oc1csc2c1cccc2,1.5,6.62,6.62,6.82,6.82,5.46,5.46,nan,nan,nan,nan
tp_183,O=C1c(cccc2)c2NC1,Oc1c[nH]c2c1cccc2,1.46,6.85,6.44,6.54,6.14,4.94,4.54,2.281082064,0.189560497,3.531601479,testing
tp_184,CN(C1)c(cccc2)c2C1=O,Cn1c(cccc2)c2c(O)c1,0.71,5.44,5.33,6.07,5.84,4.39,3.8,1.78783616,0.1930528075,2.657736491,training
tp_192,O=C1N=C(c2ccccc2)OC1c1ccccc1,Oc1c(-c2ccccc2)oc(-c2ccccc2)n1,1.77,6.72,6.21,6.98,6.35,5.28,4.69,1.174919954,0.1888594753,0.5615976177,testing
tp_200,CC(c1c(C)cc(C)cc1C)=O,Cc1cc(C)c(C(O)=C)c(C)c1,9.44,11.11,10.96,11.44,11.66,10.31,10.07,14.07978262,0.1983437299,11.94120658,training
tp_201,CC(c1c(C)cc(C)cc1C)=S,Cc1cc(C)c(C(S)=C)c(C)c1,1.28,2.2,2.44,2.38,2.13,1.99,1.65,nan,nan,nan,nan
tp_203,OC(C1c(cccc2)c2-c2c1cccc2)=O,OC(O)=C1c(cccc2)c2-c2c1cccc2,12.96,14.09,14.22,13.34,13.67,12.19,12.6,10.43968871,0.1896081616,6.1574621,testing
tp_204,COC(C1c(cccc2)c2-c2c1cccc2)=S,COC(S)=C1c(cccc2)c2-c2c1cccc2,7.91,7.53,7.39,8.21,8.15,8.23,8.1,nan,nan,nan,nan
tp_227,CC(CC1)=Nc2c1cccc2,CC1=CCc(cccc2)c2N1,3.27,3.72,3.32,3.95,3.55,3,2.6,1.257308509,0.203817917,0.2819056819,training
tp_251,CCNc1cc(cccc2)c2n1C,CC/N=C(\C1)/N(C)c2c1cccc2,0,1.33,1.15,0.63,0.13,1.21,0.6,-0.2399697339,0.2087948744,0.5035213611,training
tp_253,CN(C(C1)=N)c2c1cccc2,Cn(c(N)c1)c2c1cccc2,1.91,-0.89,-0.74,-0.78,-0.75,-1.44,-1.32,-0.08009165546,0.2021120593,-1.057991667,testing
tp_292,CNC#N,CN=C=N,8.19,2.09,1.75,2.57,2.17,1.58,1.16,7.546039631,0.1694718801,6.474024813,testing
tp_298,CC(CC(C)=O)=O,CC(/C=C(/C)\O)=O,1.13,-0.65,-0.99,-0.48,-1.33,-1.78,-2.52,0.5009583551,0.2048657347,-0.8498534938,validating
tp_30,OC1=CCCC1,O=C1CCCC1,10.83,13.66,14,13.9,14.26,12.53,12.97,10.63433173,0.1987253275,9.188781283,training
tp_308,CC(C)(OC(C1)=O)OC1=O,CC(C)(O1)OC(O)=CC1=O,3.21,8.93,9.36,9.27,10.03,8.36,9.11,11.25871409,0.2016354074,5.46032264,training
tp_309,CCOC(CC(OCC)=O)=O,CCOC(/C=C(\O)/OCC)=O,10.1,10.81,10.37,11.74,11.35,10.9,10.93,11.83125118,0.1973584746,12.59403172,testing
tp_31,OC1=CCCCC1,O=C1CCCCC1,8.72,10.73,11.41,10.78,11.5,9.48,10.27,11.47830397,0.1958696821,9.308494956,testing
tp_313,O=C(CCO1)CC1=O,OC(OCC1)=CC1=O,3.21,9.05,9.21,9.05,9.36,8.29,8.59,9.387886749,0.1957495442,4.535328573,validating
tp_314,O=C(CCO1)CC1=O,OC(CCO1)=CC1=O,1.75,-2.54,-2.96,-2.6,-2.89,-1.61,-1.99,-5.336761982,0.1942383419,-1.857103114,validating
tp_315,OC(OCC1)=CC1=O,OC(CCO1)=CC1=O,4.09,6,5.56,6.4,6.41,6.63,6.56,4.865868678,0.1687501904,2.953273557,testing
tp_32,OC1=CCCCCC1,O=C1CCCCCC1,10.91,12.48,12.96,12.42,12.78,11.06,11.47,12.55349125,0.2015131435,8.911840794,training
tp_327,OC(N1)=CC=CC1=O,Oc1cccc(O)n1,1.77,1.14,1.26,1.71,1.85,0.56,0.68,-4.260976883,0.1857919881,0.9813046651,training
tp_331,O=C(Cc1c2cccc1)NC2=O,OC(Cc1c2cccc1)=NC2=O,2.18,14.1,14.15,13.13,13.17,12.77,12.82,15.41494666,0.1825308202,7.6395332,training
tp_35,CC(C(CCC1)=C1O)=O,CC(C(CCC1)C1=O)=O,1.98,0.48,0.4,0.7,0.28,-0.02,-0.27,7.879592507,0.1929128509,4.30216595,training
tp_36,CC(C(CCCC1)=C1O)=O,CC(C(CCCC1)C1=O)=O,0.67,-2.09,-2.01,-1.43,-1.76,-2.68,-2.44,0.2354091679,0.2023167815,-0.7126436739,validating
tp_37,CC(C(CCC1)=C1O)=O,C/C(/O)=C(\CCC1)/C1=O,0.82,1.31,1.33,1.32,1.3,1.32,1.28,0.3224416436,0.1781999345,-0.1976137818,training
tp_38,CC(C(CCCC1)=C1O)=O,C/C(/O)=C(\CCCC1)/C1=O,0.76,0.38,0.2,0.55,0.46,0.55,0.45,0.6095072874,0.1800166276,0.7828525517,testing
tp_386,CCOC(C(C(C)=NO1)C1=O)=O,CCOC(c1c(O)onc1C)=O,1.64,-3.43,-3.97,-2.66,-3.35,-3.33,-3.88,-4.597810905,0.1911308302,-2.204093982,testing
tp_401,CCOC(CC(C)=O)=O,CCOC(/C=C(/C)\O)=O,1.45,1.61,1.06,2.4,1.75,1.21,0.42,1.157005106,0.2021773378,0.4388763287,training
tp_402,COC(CC(c1ncccc1)=O)=O,COC(/C=C(/c1ncccc1)\O)=O,0.1,1.29,0.57,1.93,1.13,1.16,0.63,1.076602832,0.2009662043,1.448891908,training
tp_403,O=C1OCC(CCC2)C1C2=O,OC(CCCC1CO2)=C1C2=O,2.21,1.97,2.11,2.27,2.43,1.38,1.55,-4.102308193,0.1984611432,-0.2142129963,training
tp_415,CCOC(CC#N)=O,CCO/C(/O)=C/C#N,13.1,15.24,15.13,15.77,15.73,14.94,15.22,18.99235763,0.1967701964,14.41912629,testing
tp_418,CCOC(CC(C(C)=O)=O)=O,CCOC(/C=C(/C(C)=O)\O)=O,2.73,1.71,1.84,1.25,1.63,1.29,1.36,-2.028639681,0.2016558705,-0.4118980514,training
tp_439,CCOc1cc(C)n[nH]1,CCOc1n[nH]c(C)c1,2.02,2.85,2.96,2.67,2.77,3.05,3.13,1.666453173,0.1779669133,1.948603663,testing
tp_44,CC=O,C=CO,8.5,10.42,10.72,10.65,11.16,9.24,9.97,9.583478927,0.1944442805,8.643955983,training
tp_441,c1c(cccc2)c2n[nH]1,c1n[nH]c2c1cccc2,2.32,3.84,3.84,3.92,3.92,3.88,3.88,3.960574681,0.1781918623,3.685753297,testing
tp_45,CC(c1ccccc1)=O,C=C(c1ccccc1)O,10.87,13.11,13.29,13.57,14.09,12.47,12.95,13.04840294,0.1950958724,11.19932017,training
tp_46,CCC(C)=O,C/C=C(/C)\O,10.25,11.48,11.42,11.97,12.12,10.62,10.98,11.36350034,0.1975805472,8.85423689,validating
tp_47,CC(C)C=O,CC(C)=CO,5.27,6.73,6.49,6.77,6.71,5.51,5.86,6.547486396,0.1970355396,6.263681812,training
tp_48,CC(C)C(C)=O,CC(C)=C(C)O,10,11.33,11.11,11.34,11.16,10.01,9.99,10.24735865,0.20071787,7.225598314,training
tp_49,CC(C)C(c1ccccc1)=O,CC(C)=C(c1ccccc1)O,8.84,10.14,10.32,9.98,10.46,8.5,9.38,11.12527053,0.1970039366,9.681764824,training
tp_50,O=CCc1ccccc1,O/C=C\c1ccccc1,4.19,5.86,5.57,6.5,6.23,4.85,5.3,6.116719252,0.2001052748,4.173141343,training
tp_504,CC(CC1=O)=NN1c1ccccc1,Cc(cc1O)nn1-c1ccccc1,0.86,6.07,6.21,5.85,6.56,4.52,5.14,5.189253175,0.1877045722,3.623017342,validating
tp_505,CC(CC1=O)=NN1c1ccccc1,CC(NN1c2ccccc2)=CC1=O,1.23,-0.76,-0.92,-0.83,-1.38,-0.97,-1.37,-8.225631551,0.1931907043,-1.013794812,training
tp_506,Cc(cc1O)nn1-c1ccccc1,CC(NN1c2ccccc2)=CC1=O,2.18,5.03,5.11,5.36,5.24,3.94,3.85,-3.480521703,0.1663353099,2.134866807,training
tp_507,CC(C)(C)C(Cc1nc2ccccc2cc1)=O,CC(C)(C)C(/C=C1\Nc(cccc2)c2C=C1)=O,0.35,-3.62,-4.22,-3.61,-3.98,-4.78,-5.27,-1.008383056,0.2087755962,-0.4007387409,training
tp_508,CC(Cc1nc(-c2ccccc2)cs1)=O,C/C(/O)=C/c1nc(-c2ccccc2)cs1,2.73,1,0.76,1.65,0.76,0.74,-0.24,nan,nan,nan,nan
tp_509,O=C(Cc1ncccc1)c1ccccc1,O=C(/C=C1/NC=CC=C1)c1ccccc1,1.43,5.09,4.62,5.1,3.87,4.94,4.29,9.166032947,0.2044539867,1.174567478,testing
tp_51,CC(Cc1ccccc1)=O,C/C(/O)=C/c1ccccc1,8.73,9.05,9,10,9.48,8.36,8.76,9.929639052,0.1939817992,4.88711803,validating
tp_510,O/C(/c1ccccc1)=C\c1ncccc1,O=C(/C=C1/NC=CC=C1)c1ccccc1,1.3,-3.77,-3.7,-2.99,-2.85,-4.03,-3.83,nan,nan,nan,nan
tp_511,O=C(Cc1nc2ccccc2cc1)c1ccccc1,O/C(/c1ccccc1)=C\c1nc2ccccc2cc1,1.77,-0.02,0.11,0.71,-0.37,-0.48,-0.69,0.9860162408,0.2093300801,2.13649903,training
tp_512,O=C(Cc1nc2ccccc2cc1)c1ccccc1,O=C(/C=C1/Nc(cccc2)c2C=C1)c1ccccc1,1.49,-1.96,-1.9,-1.66,-0.79,-1.53,-1.51,-5.487194646,0.2009605034,-0.3586197526,training
tp_513,O/C(/c1ccccc1)=C\c1nc2ccccc2cc1,O=C(/C=C1/Nc(cccc2)c2C=C1)c1ccccc1,3.27,-1.49,-1.34,-1.01,-0.73,-2.03,-1.82,nan,nan,nan,nan
tp_518,CC/N=C(\CCC1)/C=C1O,CC/N=C(\CCC1)/CC1=O,11.87,3.83,3.83,4.44,4.21,3.29,3.22,nan,nan,nan,nan
tp_52,O=C(Cc1ccccc1)c1ccccc1,O/C(/c1ccccc1)=C\c1ccccc1,7.03,8.41,8.98,8.79,8.42,7.71,8.54,7.909302963,0.2063671158,5.513210635,training
tp_521,CC(C)(C/C(/C1)=N\Nc2ccccc2)CC1=O,CC(C)(C1)CC(NNc2ccccc2)=CC1=O,3.41,5.29,5.16,4.95,4.47,4.22,3.77,-3.647103442,0.2023769983,1.501449677,training
tp_525,CC(C1)=Nc(ccnc2)c2NC1=O,CC(Nc(ccnc1)c1N1)=CC1=O,1.23,-1.81,-1.5,-2.39,-1.97,-2.18,-1.76,2.909036946,0.2029270101,0.805495478,validating
tp_53,O=CC(c1ccccc1)c1ccccc1,OC=C(c1ccccc1)c1ccccc1,1.34,-2.15,-2.1,-2.57,-1.96,-1.38,-1.27,-1.601273725,0.1947616967,-2.273548355,validating
tp_54,COCC(c1ccccc1)=O,CO/C=C(/c1ccccc1)\O,8.83,8.45,8.4,9.12,8.62,7.92,7.69,5.59291732,0.2012047532,5.692722881,training
tp_549,Oc1ccncc1,O=C1C=CNC=C1,5.32,5.86,5.86,5.82,5.83,4.46,4.47,-3.829013868,0.1857489735,5.286322188,testing
tp_551,Nc1nccc(O)c1,NC(NC=C1)=CC1=O,4.23,2.91,3.28,3.11,3.53,1.14,1.46,-8.603993522,0.1849279229,1.551895824,testing
tp_552,Cc1cc(O)cc(C)n1,CC(NC(C)=C1)=CC1=O,5.73,9.02,9.02,8.99,9.03,7.23,7.27,-3.233570015,0.1763612169,3.445032712,training
tp_553,Oc1cc(Cl)ncc1,O=C(C=CN1)C=C1Cl,0.27,-1.07,-0.71,-0.67,-0.24,-2.18,-1.72,nan,nan,nan,nan
tp_554,CCOC(c1cc(O)cc(C(OCC)=O)n1)=O,CCOC(C(NC(C(OCC)=O)=C1)=CC1=O)=O,0.82,-2.39,-2.28,-2.32,-3.08,-1.11,-1.57,0.6524317752,0.1813973446,0.1803106384,training
tp_555,Nc(cncc1)c1O,NC1=CNC=CC1=O,5.59,5.46,5.58,5.71,5.77,4.48,5.53,-1.975438037,0.1827868787,5.102855717,training
tp_557,Oc(c(Cl)cnc1)c1Cl,O=C1C(Cl)=CNC=C1Cl,3.96,5.64,5.64,6.13,6.12,5.3,5.3,nan,nan,nan,nan
tp_558,Cc1nccc(O)c1,CC(NC=C1)=CC1=O,5.73,6.12,6.33,6.68,7.07,5.14,5.55,-3.780580895,0.1778933343,4.032684805,testing
tp_559,Cc(cncc1)c1O,CC1=CNC=CC1=O,5.73,4.85,5.11,5.18,5.4,4.01,4.2,-3.290592339,0.1779708549,5.873684624,validating
tp_560,Oc1cc(-c2ccccc2)ncc1,O=C1C=C(c2ccccc2)NC=C1,3.96,4.57,4.66,5.01,5.2,3.21,3.45,-6.21272193,0.1802420056,2.167981181,training
tp_561,Oc(ccnc1)c1-c1ccccc1,O=C1C(c2ccccc2)=CNC=C1,5.32,4.11,4.27,4.39,4.64,3.42,3.8,-3.370585258,0.1886209453,5.654268898,validating
tp_562,CC(c1nccc(O)c1)=O,CC(C(NC=C1)=CC1=O)=O,2.73,4.26,4.57,4.28,4.58,2.62,2.95,-5.314700373,0.181692315,1.283590343,training
tp_563,CC(c(cncc1)c1O)=O,CC(C1=CNC=CC1=O)=O,4.91,0.42,0.42,0.3,0.3,-0.25,-0.24,-6.898384888,0.1705366853,0.5747531834,training
tp_564,COC(c1nccc(O)c1)=O,COC(C(NC=C1)=CC1=O)=O,2.59,3.38,3.67,3.64,4.31,2.27,2.87,-1.340403672,0.177953685,3.55346061,training
tp_565,COC(c(cncc1)c1O)=O,COC(C1=CNC=CC1=O)=O,4.91,1.54,0.95,2.18,1.74,1.2,0.44,-10.8937537,0.1975807882,2.192630668,training
tp_566,CC(Nc1nccc(O)c1)=O,CC(NC(NC=C1)=CC1=O)=O,2.05,2.34,2.49,2.99,3.35,1.35,1.71,-2.564356995,0.1832795254,2.751858742,training
tp_567,CC(Nc(cncc1)c1O)=O,CC(NC1=CNC=CC1=O)=O,5.18,7.8,7.8,7.92,7.9,7.21,7.2,0.274574679,0.1910723066,6.062993282,training
tp_568,CSc1nccc(O)c1,CSC(NC=C1)=CC1=O,1.77,1.99,2.39,3.55,2.9,1.03,0.99,nan,nan,nan,nan
tp_569,CSc(cncc1)c1O,CSC1=CNC=CC1=O,5.18,3.75,3.73,4.08,4.14,3.44,3.55,nan,nan,nan,nan
tp_57,O=C(C1)Cc2c1cccc2,OC(C1)=Cc2c1cccc2,5.24,7.08,7.1,8.42,8.84,7.1,7.6,8.396110977,0.192709522,6.186272268,training
tp_570,Oc1cc(C(F)(F)F)ncc1,O=C1C=C(C(F)(F)F)NC=C1,1.64,-0.27,-0.01,0.73,1.27,-0.37,0.22,nan,nan,nan,nan
tp_571,Oc1c(C(F)(F)F)cncc1,O=C1C(C(F)(F)F)=CNC=C1,4.91,5.86,5.89,6.08,6.89,4.81,6.48,nan,nan,nan,nan
tp_572,COc1nccc(O)c1,COC(NC=C1)=CC1=O,1.5,1.97,2.34,2.39,2.78,0.53,0.97,-7.153713412,0.1823509867,2.472420556,training
tp_573,COc(cncc1)c1O,COC1=CNC=CC1=O,5.32,4.17,4.24,4.85,5.27,3.48,3.42,-6.985617439,0.1778835477,2.110320455,validating
tp_574,CC(Oc1nccc(O)c1)=O,CC(OC(NC=C1)=CC1=O)=O,1.23,-0.73,-0.49,-0.49,-0.57,-1.94,-2.99,-5.033004085,0.179857948,0.688408728,training
tp_575,CC(Oc(cncc1)c1O)=O,CC(OC1=CNC=CC1=O)=O,5.05,5.1,5.33,5.39,5.59,4.45,5.03,-4.305150904,0.1764479518,5.577756629,testing
tp_578,Oc1cc(Oc2ccccc2)ncc1,O=C(C=CN1)C=C1Oc1ccccc1,0.68,0.52,1.27,1.01,1.33,-0.57,0.45,-5.261522129,0.1789680615,1.413883169,training
tp_579,Oc(ccnc1)c1Oc1ccccc1,O=C1C(Oc2ccccc2)=CNC=C1,5.18,4.59,4.79,5.02,5.3,4.06,4.5,-5.804379061,0.1840098715,4.224582944,training
tp_58,O=C(CC1)c2c1cccc2,OC1=CCc2c1cccc2,10.2,13.15,13.46,13.29,13.55,11.94,12.25,11.58919178,0.1987398501,11.45813262,training
tp_580,Oc(ccnc1)c1Cl,O=C1C(Cl)=CNC=C1,5.05,4.65,5.06,5.07,5.59,3.96,4.08,nan,nan,nan,nan
tp_581,Oc1cc(Br)ncc1,O=C(C=CN1)C=C1Br,0.14,-1.08,-0.67,-0.65,-0.23,nan,nan,nan,nan,nan,nan
tp_582,Oc(ccnc1)c1Br,O=C1C(Br)=CNC=C1,5.05,4.61,4.83,4.68,5.02,nan,nan,nan,nan,nan,nan
tp_583,N#Cc1nccc(O)c1,N#CC(NC=C1)=CC1=O,0.14,0.73,0.52,-0.04,-0.39,1.38,1.02,6.858779747,0.1756370901,-1.482890537,validating
tp_584,N#Cc(cncc1)c1O,N#CC1=CNC=CC1=O,4.78,5.62,5.8,6.12,6.41,4.94,5.23,-5.886150344,0.1859950664,4.53913241,validating
tp_585,COS(c1nccc(O)c1)=O,COS(C(NC=C1)=CC1=O)=O,0.27,0.44,0.07,0.09,-0.25,1.61,1.2,nan,nan,nan,nan
tp_586,COS(c(cncc1)c1O)=O,COS(C1=CNC=CC1=O)=O,4.78,5.69,5.49,6.5,6.19,5.81,5.64,nan,nan,nan,nan
tp_587,Oc1cc(F)ncc1,O=C(C=CN1)C=C1F,0.82,2.94,2.53,2.55,2.16,3.6,3.14,nan,nan,nan,nan
tp_588,Oc(ccnc1)c1F,O=C1C(F)=CNC=C1,5.05,4.73,4.98,5.02,5.32,3.38,3.61,nan,nan,nan,nan
tp_59,CCC(C)=O,CCC(O)=C,11.95,13.62,14.03,14.22,14.85,12.92,13.91,13.41946924,0.1959924275,11.23829259,training
tp_590,Oc1ccnc2ccccc12,O=C1c(cccc2)c2NC=C1,6.69,7.63,7.78,7.81,7.93,6.65,6.77,0.09339232829,0.1947588667,5.956275819,training
tp_591,Cc1nc2ccccc2c(O)c1,CC(Nc1c2cccc1)=CC2=O,7.09,8.33,8.54,8.44,8.58,7.11,7.27,1.32578515,0.1780480381,5.504340037,training
tp_592,Cc(cnc1ccccc11)c1O,CC1=CNc(cccc2)c2C1=O,7.09,7.43,7.7,7.86,8.16,6.87,7.2,1.006908298,0.174410226,6.890119012,training
tp_593,Nc1nc2ccccc2c(O)c1,NC(Nc1c2cccc1)=CC2=O,5.59,6.06,6.2,6.29,6.33,4.59,4.65,-2.59515525,0.1763349779,4.281936645,testing
tp_594,Nc(cnc1ccccc11)c1O,NC1=CNc(cccc2)c2C1=O,6.82,7.17,7.45,7.45,7.87,6.26,8.78,0.8975017881,0.1921185927,5.661218956,validating
tp_595,Oc1cc(-c2ccccc2)nc2ccccc12,O=C1c(cccc2)c2NC(c2ccccc2)=C1,5.32,7.71,7.52,8.11,7.85,6.48,6.23,-0.4227911868,0.1816689626,4.17949461,validating
tp_596,Oc(c1ccccc1nc1)c1-c1ccccc1,O=C1C(c2ccccc2)=CNc2c1cccc2,6.69,6.74,6.85,7.03,7.1,6.32,6.46,0.1950711365,0.1707430645,6.838310142,validating
tp_597,COCc1nc2ccccc2c(O)c1,COCC(Nc1c2cccc1)=CC2=O,4.09,7.74,7.68,8.23,7.5,6.86,6.27,2.255022958,0.1804625324,6.113765791,validating
tp_598,COCc(cnc1ccccc11)c1O,COCC1=CNc(cccc2)c2C1=O,6.28,6.65,6.8,6.97,7.11,6.23,6.51,1.707185048,0.1825957453,7.822692676,training
tp_599,COC(c1nc2ccccc2c(O)c1)=O,COC(C(Nc1c2cccc1)=CC2=O)=O,3.96,6.14,6.19,6.33,6.54,5.14,5.31,0.9425759884,0.1806160513,3.504349262,training
tp_600,COC(c(cnc1ccccc11)c1O)=O,COC(C1=CNc(cccc2)c2C1=O)=O,6.28,6.05,5.59,6.53,5.93,5.98,5.18,-8.18612363,0.1850536563,2.767432238,training
tp_601,COCNc1nc2ccccc2c(O)c1,COCNC(Nc1c2cccc1)=CC2=O,3.41,5.36,4.88,5.97,5.87,4.06,3.64,-3.621965876,0.1777076141,2.425549147,training
tp_602,COCNc(cnc1ccccc11)c1O,COCNC1=CNc(cccc2)c2C1=O,6.55,8.12,8.24,8.57,9.49,7.48,10.27,2.607127997,0.1858457753,5.692896647,testing
tp_603,CSc1nc2ccccc2c(O)c1,CSC(Nc1c2cccc1)=CC2=O,3.14,4.66,4.83,5.59,5.32,3.42,3.5,nan,nan,nan,nan
tp_604,CSc(cnc1ccccc11)c1O,CSC1=CNc(cccc2)c2C1=O,6.55,6.45,6.35,6.56,6.51,6.09,6.02,nan,nan,nan,nan
tp_605,Oc1cc(C(F)(F)F)nc2ccccc12,O=C1c(cccc2)c2NC(C(F)(F)F)=C1,3,2.96,2.97,3.19,3.55,2.23,2.66,nan,nan,nan,nan
tp_606,Oc1c(C(F)(F)F)cnc2ccccc12,O=C1c(cccc2)c2NC=C1C(F)(F)F,6.28,9.64,9.81,9.96,11.16,8.81,10.59,nan,nan,nan,nan
tp_607,COc1nc2ccccc2c(O)c1,COC(Nc1c2cccc1)=CC2=O,2.87,2.81,2.86,4.2,4.69,2.53,3.12,-3.39783772,0.1813817959,3.301108144,training
tp_608,COc(cnc1ccccc11)c1O,COC1=CNc(cccc2)c2C1=O,6.69,6.42,6.47,6.81,6.84,5.54,5.58,-4.351068313,0.1817835028,3.135317082,validating
tp_609,CC(Oc1nc2ccccc2c(O)c1)=O,CC(OC(Nc1c2cccc1)=CC2=O)=O,2.59,2.57,2.8,2.56,2.46,1.12,0.19,-1.4927582,0.1798923368,1.633963712,training
tp_610,CC(Oc(cnc1ccccc11)c1O)=O,CC(OC1=CNc(cccc2)c2C1=O)=O,6.41,7.71,7.95,7.31,7.11,6.65,6.49,-1.852753133,0.1846261021,5.56072146,testing
tp_613,Oc1cc(Oc2ccccc2)nc2ccccc12,O=C1c(cccc2)c2NC(Oc2ccccc2)=C1,2.05,3.65,4.18,3.89,4.45,2.5,2.96,-0.06395194513,0.1721540717,3.13339248,training
tp_614,Oc(c1ccccc1nc1)c1Oc1ccccc1,O=C1C(Oc2ccccc2)=CNc2c1cccc2,6.55,7.06,6.87,7.91,7.33,7.02,6.53,-3.518255073,0.1763794493,4.360173577,training
tp_615,Oc1cc(Cl)nc2ccccc12,O=C1c(cccc2)c2NC(Cl)=C1,1.64,0.81,0.85,1.91,2.03,0.61,0.74,nan,nan,nan,nan
tp_616,Oc(c1ccccc1nc1)c1Cl,O=C1C(Cl)=CNc2c1cccc2,6.41,7.29,7.34,7.8,7.92,6.86,7.01,nan,nan,nan,nan
tp_617,Oc1cc(Br)nc2ccccc12,O=C1c(cccc2)c2NC(Br)=C1,1.5,1.62,1.75,1.95,2.08,nan,nan,nan,nan,nan,nan
tp_618,Oc(c1ccccc1nc1)c1Br,O=C1C(Br)=CNc2c1cccc2,6.41,7.61,7.68,7.77,8.1,nan,nan,nan,nan,nan,nan
tp_619,N#Cc1nc2ccccc2c(O)c1,N#CC(Nc1c2cccc1)=CC2=O,1.23,2.78,2.85,3.02,3.13,1.82,1.94,-1.471905921,0.1690836473,3.50029797,validating
tp_620,N#Cc(cnc1ccccc11)c1O,N#CC1=CNc(cccc2)c2C1=O,6.14,8.91,9.15,9.36,9.63,8.31,8.63,-1.669976925,0.1837086144,5.414267968,training
tp_621,COS(c1nc2ccccc2c(O)c1)=O,COS(C(Nc1c2cccc1)=CC2=O)=O,1.09,2.54,2.75,2.78,3.01,1.4,1.81,nan,nan,nan,nan
tp_622,COS(c(cnc1ccccc11)c1O)=O,COS(C1=CNc(cccc2)c2C1=O)=O,6.14,8.19,8.26,8.91,8.97,8.37,8.42,nan,nan,nan,nan
tp_623,Oc1cc(F)nc2ccccc12,O=C1c(cccc2)c2NC(F)=C1,0.55,-0.26,-0.11,0.16,0.28,-0.71,-0.59,nan,nan,nan,nan
tp_624,Oc(c1ccccc1nc1)c1F,O=C1C(F)=CNc2c1cccc2,6.41,8.31,8.31,8.66,8.66,7.16,7.16,nan,nan,nan,nan
tp_629,Oc1c(cccc2)c2nc2ccccc12,O=C1c(cccc2)c2Nc2c1cccc2,10.64,13.77,13.77,14.21,14.21,13.28,13.28,8.892474986,0.1784451825,11.55998662,training
tp_630,Oc1cnncc1,O=C1C=NNC=C1,4.23,6.29,6.54,6.74,7.11,5.73,6.1,2.870283823,0.1729385649,5.066969962,testing
tp_631,Oc1cnnc2ccccc12,O=C1c(cccc2)c2NN=C1,5.59,9.64,9.69,9.8,9.93,8.84,8.98,8.223854397,0.1786637757,7.063690299,training
tp_632,Oc1ccnc2cccnc12,O=C1c2ncccc2NC=C1,6,4,4.01,4.79,4.81,3.24,3.26,-9.381067556,0.1801411018,1.749408052,training
tp_634,COCc(c(-c1ccccc1)nc1ccccc11)c1O,COCC1=C(c2ccccc2)Nc(cccc2)c2C1=O,4.91,7.11,7.1,7.31,7.43,6.26,6.55,-0.6864862315,0.1773361275,3.790275682,training
tp_636,CCSc1nc2ccccc2c(O)c1C(OC)=O,CCSC(Nc1c2cccc1)=C(C(OC)=O)C2=O,2.73,2.25,1.66,3.29,2.51,2.1,0.66,nan,nan,nan,nan
tp_643,O=C(C=CNc1ccc23)c1c2nccc3Cl,Oc1ccnc2ccc(c(Cl)ccn3)c3c12,1.91,4.86,4.86,3.27,3.23,4.34,4.3,nan,nan,nan,nan
tp_644,Oc1c(ccc(NC=C2)c3C2=O)c3ncc1,O=C(C=CNc1c23)c1ccc3NC=CC2=O,8.73,15.59,15.65,14.81,14.89,14.09,14.17,15.15028958,0.1841563367,12.79006839,training
tp_648,O=S(Cc1ncccc1)Oc1ccccc1,O=S(/C=C1/NC=CC=C1)Oc1ccccc1,10.37,10.36,9.97,11.65,11.43,10.82,10.26,12.6497734,0.2019906979,7.094184942,training
tp_649,CCOC(Cc1ncccc1)=O,CCOC(/C=C1/NC=CC=C1)=O,8.73,7.6,7.06,8.17,7.75,7.44,6.89,nan,nan,nan,nan
tp_66,O=CC1c(cccc2)c2-c2c1cccc2,OC=C1c(cccc2)c2-c2c1cccc2,1.66,0.99,1.13,0.73,1.03,2.26,2.56,1.981134434,0.1911394123,0.2343971152,testing
tp_67,CC(C1c(cccc2)c2-c2c1cccc2)=O,CC(O)=C1c(cccc2)c2-c2c1cccc2,3.11,4.34,4.1,3.59,3.15,2.11,1.88,2.929500667,0.1879534524,2.766601344,training
tp_675,CCOC(CC1=NCCCS1)=O,CCOC(/C=C1/SCCCN1)=O,0.41,-2.32,-2.47,-1.45,-1.96,-1.81,-2.25,nan,nan,nan,nan
tp_68,O=C(C1c(cccc2)c2-c2c1cccc2)c1ccccc1,OC(c1ccccc1)=C1c(cccc2)c2-c2c1cccc2,2.61,3.18,2.81,3.51,3.04,2.17,3.05,1.734762929,0.1866559996,3.405093269,training
tp_708,CCOC(C(Cc1ncccc1)=O)=O,CCOC(/C(/O)=C/c1ncccc1)=O,2.73,5.37,5.77,4.96,5.71,6.46,6.63,1.868078132,0.2011751272,0.7194007193,training
tp_73,CC1SC(c2ccccc2)=NC1=O,Cc(sc(-c1ccccc1)n1)c1O,0.82,-5.31,-5.32,-5.61,-5.61,-4.12,-4.11,nan,nan,nan,nan
tp_735,CCOC(CC1=Nc(cccc2)c2N(C)C1=O)=O,CCOC(/C=C1/Nc(cccc2)c2N(C)C1=O)=O,1.41,10.66,10.46,10.66,10.4,10.45,10.39,5.498846058,0.2038603999,0.4876666656,training
tp_74,O=C1N=C(c2ccccc2)SC1,Oc1csc(-c2ccccc2)n1,1.36,7,7.26,7.07,7.47,5.53,5.95,nan,nan,nan,nan
tp_758,CCOC(C(C(OCC)=O)c1ccc(cc(cc2)Cl)c2n1)=O,CCOC(C(C(OCC)=O)=C(C=C1)Nc(cc2)c1cc2Cl)=O,1.36,-1.64,-1.84,-1.11,-1.74,-1.31,-1.92,nan,nan,nan,nan
tp_767,CC(C(O)=O)c1nc(-c2ccccc2)cs1,C/C(/C(O)=O)=C1\SC=C(c2ccccc2)N1,6.82,3.87,3.86,4.12,3.99,3.8,3.56,nan,nan,nan,nan
tp_768,CC(C(c1ccccc1)=O)c1nc(-c2ccccc2)cs1,C/C(/C(c1ccccc1)=O)=C1\SC=C(c2ccccc2)N1,4.09,2.41,2.26,2.09,2.24,1.9,2.1,nan,nan,nan,nan
tp_77,O=C(CC(N1)=O)NC1=O,OC(NC(N1)=O)=CC1=O,2.32,6.69,6.72,6.31,6.43,5.5,5.73,10.25807441,0.1929346395,4.658935886,training
tp_78,CC(C(NC(N1)=O)=O)C1=O,CC(C(NC(N1)=O)=O)=C1O,1.64,4.66,4.13,4.49,4.16,4.11,3.99,7.94174986,0.189943418,2.61198143,training
tp_784,CCOC(C(C(OCC)=O)c1nc(-c2ccccc2)cs1)=O,CCOC(C(C(OCC)=O)=C1SC=C(c2ccccc2)N1)=O,1.36,-3.8,-4.08,-3.17,-3.44,-3.37,-3.9,nan,nan,nan,nan
tp_787,Oc1c(/C=N/c2ccccc2)c2ccccc2cc1,O=C(C=Cc1c2cccc1)/C2=C\Nc1ccccc1,0.59,1.79,2.15,2.47,2.76,1.83,2.14,nan,nan,nan,nan
tp_788,Oc1c(/C=N/c2ccccc2)ccc2ccccc12,O=C1c(cccc2)c2C=C/C1=C/Nc1ccccc1,0.67,3.07,3.3,3.32,3.54,2.85,3.14,nan,nan,nan,nan
tp_789,C/N=C/c(c1ccccc1cc1)c1O,CN/C=C(/c(cccc1)c1C=C1)\C1=O,2.54,4.03,4.03,3.89,3.88,3.09,3.09,nan,nan,nan,nan
tp_79,CCC(C(NC(N1)=O)=O)C1=O,CCC(C(NC(N1)=O)=O)=C1O,1.91,4.66,4.5,4.91,4.79,4.39,4.55,9.73146821,0.1920193562,4.205467184,testing
tp_80,CC(C)C(C(NC(N1)=O)=O)C1=O,CC(C)C(C(NC(N1)=O)=O)=C1O,3.41,6.29,5.93,6.87,6.32,5.84,5.75,10.5752385,0.1868631029,3.868808689,training
tp_81,O=C(C(c1ccccc1)C(N1)=O)NC1=O,OC(NC(N1)=O)=C(c2ccccc2)C1=O,0.14,-1.88,-1.75,-1.67,-1.73,-1.47,-1.57,-4.923279529,0.1904627446,-0.1583875598,training
tp_810,Oc(ccc1ccccc11)c1/N=N/c1ccccc1,O=C(C=Cc1c2cccc1)/C2=N\Nc1ccccc1,0.57,2.4,2.4,2.83,2.85,2.45,2.46,nan,nan,nan,nan
tp_811,Oc(c1ccccc1cc1)c1/N=N/c1ccccc1,O=C(c(cccc1)c1C=C1)/C1=N/Nc1ccccc1,0.7,2.89,2.89,3.12,3.09,2.89,2.88,nan,nan,nan,nan
tp_812,Oc(c1ccccc11)ccc1/N=N/c1ccccc1,O=C(C=C1)c(cccc2)c2/C1=N/Nc1ccccc1,0.83,3.74,4.16,5.25,5.67,4.02,4.43,nan,nan,nan,nan
tp_82,O=C(C(C(N1)=O)Cl)NC1=O,OC(NC(NC1=O)=O)=C1Cl,1.04,1.57,1.2,1.87,1.55,1.46,1.23,nan,nan,nan,nan
tp_83,O=C(C(C(N1)=O)Br)NC1=O,OC(NC(NC1=O)=O)=C1Br,0.29,4.07,3.82,3.82,4.05,nan,nan,nan,nan,nan,nan
tp_836,Sc1ccncc1,S=C1C=CNC=C1,6.14,4.03,4.03,4.22,4.23,4.7,4.7,nan,nan,nan,nan
tp_837,Sc1ccnc2ccccc12,S=C1c(cccc2)c2NC=C1,6.82,5.88,6.29,6.15,6.56,6.78,7.18,nan,nan,nan,nan
tp_839,Sc1cnncc1,S=C1C=NNC=C1,5.46,5.31,5.64,5.35,5.64,5.96,6.27,nan,nan,nan,nan
tp_84,CC(C)(CC(C1)=O)CC1=O,CC(C)(C1)CC(O)=CC1=O,1.77,-0.78,-1.37,-1.01,-1.49,-0.1,-0.71,-5.971336006,0.1955985404,-1.358927644,training
tp_840,Sc1cnnc2ccccc12,S=C1c(cccc2)c2NN=C1,6.69,7.68,7.68,8.25,8.58,8.92,9.26,nan,nan,nan,nan
tp_85,CCC(C(CC(C)(C)C1)=O)C1=O,CCC(C(CC(C)(C)C1)=O)=C1O,2.87,0.79,0.49,0.63,-0.06,1.63,0.96,-3.429783071,0.191138087,1.102765094,training
tp_853,C(COc1ccccc1)c1ncccc1,C(/C=C1\NC=CC=C1)Oc1ccccc1,1.43,18.59,18.68,18.77,19.27,18.56,18.42,12.24398746,0.2195969424,7.554176191,testing
tp_865,C/C(/c(cccc1)c1O)=N\C,C/C(/NC)=C(\C=CC=C1)/C1=O,0.82,2.33,2.33,3.62,3.73,2.8,2.87,nan,nan,nan,nan
tp_866,C/N=N/c(cccc1)c1O,CN/N=C(/C=CC=C1)\C1=O,0.27,-1.27,-1.27,-0.85,-0.84,-1.67,-1.66,nan,nan,nan,nan
tp_867,Oc(cccc1)c1/N=N/c1ccccc1,O=C(C=CC=C1)/C1=N\Nc1ccccc1,1.5,1.53,1.53,0.88,0.89,1.34,1.32,nan,nan,nan,nan
tp_895,CCOC(c(c(-c1ccccc1)nc1ccccc11)c1O)=O,CCOC(C1=C(c2ccccc2)Nc(cccc2)c2C1=O)=O,4.91,5.74,5.18,7.21,6.6,5.5,4.68,-7.914056739,0.1823551438,1.829253602,training
tp_916,Nc1ncnc2c1cn[nH]2,Nc1ncnc2n[nH]cc12,1.36,2.72,2.72,2.55,2.94,2.73,3.08,5.174315905,0.1857031673,2.798974819,training
tp_919,CN(C=Nc1c2cn[nH]1)C2=N,CN(C=N1)C(N)=C2C1=NN=C2,0.82,-0.01,-0.01,0.48,0.18,-0.62,-0.93,-18.2172186,0.1903875925,-10.96085646,validating
tp_933,Nc1ncnc2c1nc[nH]2,Nc1ncnc2c1[nH]cn2,1.64,1.65,1.65,1.07,1.46,1.53,1.93,6.709153844,0.1862863601,4.147550146,training
tp_948,CN(C=Nc1c2nc[nH]1)C2=N,CN1C(N)=C2N=CN=C2N=C1,2.73,4.85,4.85,4.53,4.15,3.77,3.36,-3.912837759,0.1823352418,-2.14749059,testing
tp_952,Brc1cnc[nH]1,Brc1c[nH]cn1,2.73,2.66,2.66,2.72,2.72,nan,nan,nan,nan,nan,nan
tp_953,Clc1cnc[nH]1,Clc1c[nH]cn1,2.25,3.21,3.21,3.18,3.18,3.4,3.4,nan,nan,nan,nan
tp_954,c1c(-c2ccccc2)[nH]cn1,c1c(-c2ccccc2)nc[nH]1,1.77,0.26,0.26,0.05,0.26,0.49,0.73,1.851997474,0.179467409,1.243699374,validating
tp_967,Cc1nnc2n1c(cccc1)c1[nH]2,Cc1n[nH]c2nc(cccc3)c3n12,4.37,0.35,0.35,0.61,0.61,0.36,0.36,-3.515701303,0.1780559697,1.116467215,testing
tp_973,C/C(/O)=N/C,CC(NC)=O,12.42,16.82,17.09,16.87,17.25,15.75,16.29,16.87665699,0.1727224683,13.64984614,validating
tp_974,OC1=NCCCC1,O=C1NCCCC1,10.37,14.07,14.15,14.02,14.12,12.81,12.93,12.55288731,0.1803349101,10.02124511,testing
tp_975,OC1=NCCC1,O=C1NCCC1,9.55,15.27,15.49,14.74,15,13.62,13.98,12.30557493,0.1790042668,9.071120113,training
tp_978,OC1=NCCC=C1,O=C1NCCC=C1,9.69,14.71,14.78,14.44,14.63,13.28,13.51,11.87542033,0.1715950234,10.68220103,testing
tp_979,OC1=NC=CCC1,O=C1NC=CCC1,7.5,15.18,15.28,14.93,15.04,14.14,14.28,10.35701799,0.1741733815,7.371207265,training
tp_980,OC1=NC=CC1,O=C1NC=CC1,6.69,14.75,14.94,14.96,15.24,14.17,14.58,13.96474581,0.1815464695,12.04859005,training
tp_981,OC1=NCC=C1,O=C1NCC=C1,8.87,13.77,13.91,13.79,13.96,12.68,12.93,11.28437558,0.1904108579,10.49035661,training
tp_982,Oc1ncccc1,O=C1NC=CC=C1,4.78,5.44,5.44,5.84,5.84,4.71,4.71,-1.376626974,0.1818131231,3.681921905,training
tp_983,Cc(cc1)cnc1O,CC(C=C1)=CNC1=O,4.91,4.29,4.38,5.37,5.56,4.06,4.29,-1.04317246,0.1781189788,3.581960136,training
tp_984,Cc1cccc(O)n1,CC(N1)=CC=CC1=O,4.91,7.15,7.15,7.6,7.61,6.27,6.28,0.2638919397,0.1716541402,3.782818188,training
tp_985,COc1nc(O)ccc1,COC(N1)=CC=CC1=O,1.99,2.68,2.85,3.22,3.46,1.71,2.01,-3.463561431,0.182745327,1.426682947,validating
tp_986,Oc1cccnc1O,OC1=CC=CNC1=O,3.96,6.96,7.14,7.07,7.36,6.14,6.46,3.837551504,0.1872307233,6.340971525,training
tp_987,Oc1cccc(O)n1,OC(N1)=CC=CC1=O,1.77,1,1.09,1.67,1.84,0.53,0.66,-5.347841694,0.1758386279,0.1761395865,training
tp_988,Oc(cc1)ncc1Br,O=C(C=C1)NC=C1Br,3,3.23,3.32,3.31,3.38,nan,nan,nan,nan,nan,nan
tp_989,Oc(ncc(Br)c1)c1Br,O=C(C(Br)=C1)NC=C1Br,2.66,3.28,3.32,3.69,3.73,nan,nan,nan,nan,nan,nan
tp_990,Oc(cc1)ncc1Cl,O=C(C=C1)NC=C1Cl,3.07,2.73,2.77,3.7,3.89,2.45,2.68,nan,nan,nan,nan
tp_991,Oc(ncc(Cl)c1)c1Cl,O=C(C(Cl)=C1)NC=C1Cl,2.87,3.44,3.56,3.91,4.04,2.88,3.01,nan,nan,nan,nan
tp_992,Oc1cccc(Cl)n1,O=C1NC(Cl)=CC=C1,1.43,0.1,0.26,0.32,0.5,-0.95,-0.7,nan,nan,nan,nan
tp_995,Nc1cc(O)ncc1,NC(C=CN1)=CC1=O,7.37,7.35,7.66,7.18,7.36,5.92,6.11,-0.9208759818,0.1828271808,4.212749309,training
tp_996,Nc1cccc(O)n1,NC(N1)=CC=CC1=O,4.5,4,4.18,4.38,4.58,2.92,3.15,-3.950814914,0.1731130146,1.669201041,training
tp_997,Oc1nc2ccccc2cc1,O=C1Nc(cccc2)c2C=C1,6.14,7.61,7.69,7.88,8.02,6.65,6.81,2.786719135,0.1779720527,5.0778819,validating
tp_999,Oc1nccc2ccccc12,O=C1NC=Cc2c1cccc2,7.23,8.91,8.94,9.23,9.27,8.43,8.47,3.608646266,0.1803638202,6.989244062,training
tp_1261,O=C(c1ccccc1)Nc1ccccc1,O=C(c1ccccc1)/N=C1\C=CC=CC1,4.5,nan,nan,nan,nan,nan,nan,25.60402011,0.2065422213,9.713075897,training
tp_1587,Oc1c(cccc2)c2n[nH]1,O=C1NN=C2C=CC=CC12,5.87,nan,nan,nan,nan,nan,nan,-13.98584607,0.1812372327,-5.13938465,training
tp_514,O=C(Cc1ccncc1)c1ccccc1,O=C(/C=C1\C=CN=CC1)c1ccccc1,3.3,nan,nan,nan,nan,nan,nan,19.72110322,0.2098671583,10.33094077,training
tp_516,O=C(Cc1ccnc2ccccc12)c1ccccc1,O=C(/C=C1\c(cccc2)c2N=CC1)c1ccccc1,3.14,nan,nan,nan,nan,nan,nan,15.25875903,0.2161337527,4.995335613,training